Date,DateKey,Year,Year Quarter,Year Quarter Number,Quarter,Year Month,Year Month Short,Year Month Number,Month,Month Short,Month Number,Day of Week,Day of Week Short,Day of Week Number,Working Day,Working Day Number
1/1/2010,20100101,2010,Q1-2010,8041,Q1,Jan-10,Jan-10,24121,January,Jan,1,Friday,Fri,6,0,0
1/2/2010,20100102,2010,Q1-2010,8041,Q1,Jan-10,Jan-10,24121,January,Jan,1,Saturday,Sat,7,0,0
1/3/2010,20100103,2010,Q1-2010,8041,Q1,Jan-10,Jan-10,24121,January,Jan,1,Sunday,Sun,1,0,0
1/4/2010,20100104,2010,Q1-2010,8041,Q1,Jan-10,Jan-10,24121,January,Jan,1,Monday,Mon,2,1,1
1/5/2010,20100105,2010,Q1-2010,8041,Q1,Jan-10,Jan-10,24121,January,Jan,1,Tuesday,Tue,3,1,2
1/6/2010,20100106,2010,Q1-2010,8041,Q1,Jan-10,Jan-10,24121,January,Jan,1,Wednesday,Wed,4,1,3
1/7/2010,20100107,2010,Q1-2010,8041,Q1,Jan-10,Jan-10,24121,January,Jan,1,Thursday,Thu,5,1,4
1/8/2010,20100108,2010,Q1-2010,8041,Q1,Jan-10,Jan-10,24121,January,Jan,1,Friday,Fri,6,1,5
1/9/2010,20100109,2010,Q1-2010,8041,Q1,Jan-10,Jan-10,24121,January,Jan,1,Saturday,Sat,7,0,5
1/10/2010,20100110,2010,Q1-2010,8041,Q1,Jan-10,Jan-10,24121,January,Jan,1,Sunday,Sun,1,0,5
1/11/2010,20100111,2010,Q1-2010,8041,Q1,Jan-10,Jan-10,24121,January,Jan,1,Monday,Mon,2,1,6
1/12/2010,20100112,2010,Q1-2010,8041,Q1,Jan-10,Jan-10,24121,January,Jan,1,Tuesday,Tue,3,1,7
1/13/2010,20100113,2010,Q1-2010,8041,Q1,Jan-10,Jan-10,24121,January,Jan,1,Wednesday,Wed,4,1,8
1/14/2010,20100114,2010,Q1-2010,8041,Q1,Jan-10,Jan-10,24121,January,Jan,1,Thursday,Thu,5,1,9
1/15/2010,20100115,2010,Q1-2010,8041,Q1,Jan-10,Jan-10,24121,January,Jan,1,Friday,Fri,6,1,10
1/16/2010,20100116,2010,Q1-2010,8041,Q1,Jan-10,Jan-10,24121,January,Jan,1,Saturday,Sat,7,0,10
1/17/2010,20100117,2010,Q1-2010,8041,Q1,Jan-10,Jan-10,24121,January,Jan,1,Sunday,Sun,1,0,10
1/18/2010,20100118,2010,Q1-2010,8041,Q1,Jan-10,Jan-10,24121,January,Jan,1,Monday,Mon,2,0,10
1/19/2010,20100119,2010,Q1-2010,8041,Q1,Jan-10,Jan-10,24121,January,Jan,1,Tuesday,Tue,3,1,11
1/20/2010,20100120,2010,Q1-2010,8041,Q1,Jan-10,Jan-10,24121,January,Jan,1,Wednesday,Wed,4,1,12
1/21/2010,20100121,2010,Q1-2010,8041,Q1,Jan-10,Jan-10,24121,January,Jan,1,Thursday,Thu,5,1,13
1/22/2010,20100122,2010,Q1-2010,8041,Q1,Jan-10,Jan-10,24121,January,Jan,1,Friday,Fri,6,1,14
1/23/2010,20100123,2010,Q1-2010,8041,Q1,Jan-10,Jan-10,24121,January,Jan,1,Saturday,Sat,7,0,14
1/24/2010,20100124,2010,Q1-2010,8041,Q1,Jan-10,Jan-10,24121,January,Jan,1,Sunday,Sun,1,0,14
1/25/2010,20100125,2010,Q1-2010,8041,Q1,Jan-10,Jan-10,24121,January,Jan,1,Monday,Mon,2,1,15
1/26/2010,20100126,2010,Q1-2010,8041,Q1,Jan-10,Jan-10,24121,January,Jan,1,Tuesday,Tue,3,1,16
1/27/2010,20100127,2010,Q1-2010,8041,Q1,Jan-10,Jan-10,24121,January,Jan,1,Wednesday,Wed,4,1,17
1/28/2010,20100128,2010,Q1-2010,8041,Q1,Jan-10,Jan-10,24121,January,Jan,1,Thursday,Thu,5,1,18
1/29/2010,20100129,2010,Q1-2010,8041,Q1,Jan-10,Jan-10,24121,January,Jan,1,Friday,Fri,6,1,19
1/30/2010,20100130,2010,Q1-2010,8041,Q1,Jan-10,Jan-10,24121,January,Jan,1,Saturday,Sat,7,0,19
1/31/2010,20100131,2010,Q1-2010,8041,Q1,Jan-10,Jan-10,24121,January,Jan,1,Sunday,Sun,1,0,19
2/1/2010,20100201,2010,Q1-2010,8041,Q1,Feb-10,Feb-10,24122,February,Feb,2,Monday,Mon,2,1,20
2/2/2010,20100202,2010,Q1-2010,8041,Q1,Feb-10,Feb-10,24122,February,Feb,2,Tuesday,Tue,3,1,21
2/3/2010,20100203,2010,Q1-2010,8041,Q1,Feb-10,Feb-10,24122,February,Feb,2,Wednesday,Wed,4,1,22
2/4/2010,20100204,2010,Q1-2010,8041,Q1,Feb-10,Feb-10,24122,February,Feb,2,Thursday,Thu,5,1,23
2/5/2010,20100205,2010,Q1-2010,8041,Q1,Feb-10,Feb-10,24122,February,Feb,2,Friday,Fri,6,1,24
2/6/2010,20100206,2010,Q1-2010,8041,Q1,Feb-10,Feb-10,24122,February,Feb,2,Saturday,Sat,7,0,24
2/7/2010,20100207,2010,Q1-2010,8041,Q1,Feb-10,Feb-10,24122,February,Feb,2,Sunday,Sun,1,0,24
2/8/2010,20100208,2010,Q1-2010,8041,Q1,Feb-10,Feb-10,24122,February,Feb,2,Monday,Mon,2,1,25
2/9/2010,20100209,2010,Q1-2010,8041,Q1,Feb-10,Feb-10,24122,February,Feb,2,Tuesday,Tue,3,1,26
2/10/2010,20100210,2010,Q1-2010,8041,Q1,Feb-10,Feb-10,24122,February,Feb,2,Wednesday,Wed,4,1,27
2/11/2010,20100211,2010,Q1-2010,8041,Q1,Feb-10,Feb-10,24122,February,Feb,2,Thursday,Thu,5,1,28
2/12/2010,20100212,2010,Q1-2010,8041,Q1,Feb-10,Feb-10,24122,February,Feb,2,Friday,Fri,6,1,29
2/13/2010,20100213,2010,Q1-2010,8041,Q1,Feb-10,Feb-10,24122,February,Feb,2,Saturday,Sat,7,0,29
2/14/2010,20100214,2010,Q1-2010,8041,Q1,Feb-10,Feb-10,24122,February,Feb,2,Sunday,Sun,1,0,29
2/15/2010,20100215,2010,Q1-2010,8041,Q1,Feb-10,Feb-10,24122,February,Feb,2,Monday,Mon,2,0,29
2/16/2010,20100216,2010,Q1-2010,8041,Q1,Feb-10,Feb-10,24122,February,Feb,2,Tuesday,Tue,3,1,30
2/17/2010,20100217,2010,Q1-2010,8041,Q1,Feb-10,Feb-10,24122,February,Feb,2,Wednesday,Wed,4,1,31
2/18/2010,20100218,2010,Q1-2010,8041,Q1,Feb-10,Feb-10,24122,February,Feb,2,Thursday,Thu,5,1,32
2/19/2010,20100219,2010,Q1-2010,8041,Q1,Feb-10,Feb-10,24122,February,Feb,2,Friday,Fri,6,1,33
2/20/2010,20100220,2010,Q1-2010,8041,Q1,Feb-10,Feb-10,24122,February,Feb,2,Saturday,Sat,7,0,33
2/21/2010,20100221,2010,Q1-2010,8041,Q1,Feb-10,Feb-10,24122,February,Feb,2,Sunday,Sun,1,0,33
2/22/2010,20100222,2010,Q1-2010,8041,Q1,Feb-10,Feb-10,24122,February,Feb,2,Monday,Mon,2,1,34
2/23/2010,20100223,2010,Q1-2010,8041,Q1,Feb-10,Feb-10,24122,February,Feb,2,Tuesday,Tue,3,1,35
2/24/2010,20100224,2010,Q1-2010,8041,Q1,Feb-10,Feb-10,24122,February,Feb,2,Wednesday,Wed,4,1,36
2/25/2010,20100225,2010,Q1-2010,8041,Q1,Feb-10,Feb-10,24122,February,Feb,2,Thursday,Thu,5,1,37
2/26/2010,20100226,2010,Q1-2010,8041,Q1,Feb-10,Feb-10,24122,February,Feb,2,Friday,Fri,6,1,38
2/27/2010,20100227,2010,Q1-2010,8041,Q1,Feb-10,Feb-10,24122,February,Feb,2,Saturday,Sat,7,0,38
2/28/2010,20100228,2010,Q1-2010,8041,Q1,Feb-10,Feb-10,24122,February,Feb,2,Sunday,Sun,1,0,38
3/1/2010,20100301,2010,Q1-2010,8041,Q1,Mar-10,Mar-10,24123,March,Mar,3,Monday,Mon,2,1,39
3/2/2010,20100302,2010,Q1-2010,8041,Q1,Mar-10,Mar-10,24123,March,Mar,3,Tuesday,Tue,3,1,40
3/3/2010,20100303,2010,Q1-2010,8041,Q1,Mar-10,Mar-10,24123,March,Mar,3,Wednesday,Wed,4,1,41
3/4/2010,20100304,2010,Q1-2010,8041,Q1,Mar-10,Mar-10,24123,March,Mar,3,Thursday,Thu,5,1,42
3/5/2010,20100305,2010,Q1-2010,8041,Q1,Mar-10,Mar-10,24123,March,Mar,3,Friday,Fri,6,1,43
3/6/2010,20100306,2010,Q1-2010,8041,Q1,Mar-10,Mar-10,24123,March,Mar,3,Saturday,Sat,7,0,43
3/7/2010,20100307,2010,Q1-2010,8041,Q1,Mar-10,Mar-10,24123,March,Mar,3,Sunday,Sun,1,0,43
3/8/2010,20100308,2010,Q1-2010,8041,Q1,Mar-10,Mar-10,24123,March,Mar,3,Monday,Mon,2,1,44
3/9/2010,20100309,2010,Q1-2010,8041,Q1,Mar-10,Mar-10,24123,March,Mar,3,Tuesday,Tue,3,1,45
3/10/2010,20100310,2010,Q1-2010,8041,Q1,Mar-10,Mar-10,24123,March,Mar,3,Wednesday,Wed,4,1,46
3/11/2010,20100311,2010,Q1-2010,8041,Q1,Mar-10,Mar-10,24123,March,Mar,3,Thursday,Thu,5,1,47
3/12/2010,20100312,2010,Q1-2010,8041,Q1,Mar-10,Mar-10,24123,March,Mar,3,Friday,Fri,6,1,48
3/13/2010,20100313,2010,Q1-2010,8041,Q1,Mar-10,Mar-10,24123,March,Mar,3,Saturday,Sat,7,0,48
3/14/2010,20100314,2010,Q1-2010,8041,Q1,Mar-10,Mar-10,24123,March,Mar,3,Sunday,Sun,1,0,48
3/15/2010,20100315,2010,Q1-2010,8041,Q1,Mar-10,Mar-10,24123,March,Mar,3,Monday,Mon,2,1,49
3/16/2010,20100316,2010,Q1-2010,8041,Q1,Mar-10,Mar-10,24123,March,Mar,3,Tuesday,Tue,3,1,50
3/17/2010,20100317,2010,Q1-2010,8041,Q1,Mar-10,Mar-10,24123,March,Mar,3,Wednesday,Wed,4,1,51
3/18/2010,20100318,2010,Q1-2010,8041,Q1,Mar-10,Mar-10,24123,March,Mar,3,Thursday,Thu,5,1,52
3/19/2010,20100319,2010,Q1-2010,8041,Q1,Mar-10,Mar-10,24123,March,Mar,3,Friday,Fri,6,1,53
3/20/2010,20100320,2010,Q1-2010,8041,Q1,Mar-10,Mar-10,24123,March,Mar,3,Saturday,Sat,7,0,53
3/21/2010,20100321,2010,Q1-2010,8041,Q1,Mar-10,Mar-10,24123,March,Mar,3,Sunday,Sun,1,0,53
3/22/2010,20100322,2010,Q1-2010,8041,Q1,Mar-10,Mar-10,24123,March,Mar,3,Monday,Mon,2,1,54
3/23/2010,20100323,2010,Q1-2010,8041,Q1,Mar-10,Mar-10,24123,March,Mar,3,Tuesday,Tue,3,1,55
3/24/2010,20100324,2010,Q1-2010,8041,Q1,Mar-10,Mar-10,24123,March,Mar,3,Wednesday,Wed,4,1,56
3/25/2010,20100325,2010,Q1-2010,8041,Q1,Mar-10,Mar-10,24123,March,Mar,3,Thursday,Thu,5,1,57
3/26/2010,20100326,2010,Q1-2010,8041,Q1,Mar-10,Mar-10,24123,March,Mar,3,Friday,Fri,6,1,58
3/27/2010,20100327,2010,Q1-2010,8041,Q1,Mar-10,Mar-10,24123,March,Mar,3,Saturday,Sat,7,0,58
3/28/2010,20100328,2010,Q1-2010,8041,Q1,Mar-10,Mar-10,24123,March,Mar,3,Sunday,Sun,1,0,58
3/29/2010,20100329,2010,Q1-2010,8041,Q1,Mar-10,Mar-10,24123,March,Mar,3,Monday,Mon,2,1,59
3/30/2010,20100330,2010,Q1-2010,8041,Q1,Mar-10,Mar-10,24123,March,Mar,3,Tuesday,Tue,3,1,60
3/31/2010,20100331,2010,Q1-2010,8041,Q1,Mar-10,Mar-10,24123,March,Mar,3,Wednesday,Wed,4,1,61
4/1/2010,20100401,2010,Q2-2010,8042,Q2,Apr-10,Apr-10,24124,April,Apr,4,Thursday,Thu,5,1,62
4/2/2010,20100402,2010,Q2-2010,8042,Q2,Apr-10,Apr-10,24124,April,Apr,4,Friday,Fri,6,1,63
4/3/2010,20100403,2010,Q2-2010,8042,Q2,Apr-10,Apr-10,24124,April,Apr,4,Saturday,Sat,7,0,63
4/4/2010,20100404,2010,Q2-2010,8042,Q2,Apr-10,Apr-10,24124,April,Apr,4,Sunday,Sun,1,0,63
4/5/2010,20100405,2010,Q2-2010,8042,Q2,Apr-10,Apr-10,24124,April,Apr,4,Monday,Mon,2,1,64
4/6/2010,20100406,2010,Q2-2010,8042,Q2,Apr-10,Apr-10,24124,April,Apr,4,Tuesday,Tue,3,1,65
4/7/2010,20100407,2010,Q2-2010,8042,Q2,Apr-10,Apr-10,24124,April,Apr,4,Wednesday,Wed,4,1,66
4/8/2010,20100408,2010,Q2-2010,8042,Q2,Apr-10,Apr-10,24124,April,Apr,4,Thursday,Thu,5,1,67
4/9/2010,20100409,2010,Q2-2010,8042,Q2,Apr-10,Apr-10,24124,April,Apr,4,Friday,Fri,6,1,68
4/10/2010,20100410,2010,Q2-2010,8042,Q2,Apr-10,Apr-10,24124,April,Apr,4,Saturday,Sat,7,0,68
4/11/2010,20100411,2010,Q2-2010,8042,Q2,Apr-10,Apr-10,24124,April,Apr,4,Sunday,Sun,1,0,68
4/12/2010,20100412,2010,Q2-2010,8042,Q2,Apr-10,Apr-10,24124,April,Apr,4,Monday,Mon,2,1,69
4/13/2010,20100413,2010,Q2-2010,8042,Q2,Apr-10,Apr-10,24124,April,Apr,4,Tuesday,Tue,3,1,70
4/14/2010,20100414,2010,Q2-2010,8042,Q2,Apr-10,Apr-10,24124,April,Apr,4,Wednesday,Wed,4,1,71
4/15/2010,20100415,2010,Q2-2010,8042,Q2,Apr-10,Apr-10,24124,April,Apr,4,Thursday,Thu,5,1,72
4/16/2010,20100416,2010,Q2-2010,8042,Q2,Apr-10,Apr-10,24124,April,Apr,4,Friday,Fri,6,1,73
4/17/2010,20100417,2010,Q2-2010,8042,Q2,Apr-10,Apr-10,24124,April,Apr,4,Saturday,Sat,7,0,73
4/18/2010,20100418,2010,Q2-2010,8042,Q2,Apr-10,Apr-10,24124,April,Apr,4,Sunday,Sun,1,0,73
4/19/2010,20100419,2010,Q2-2010,8042,Q2,Apr-10,Apr-10,24124,April,Apr,4,Monday,Mon,2,1,74
4/20/2010,20100420,2010,Q2-2010,8042,Q2,Apr-10,Apr-10,24124,April,Apr,4,Tuesday,Tue,3,1,75
4/21/2010,20100421,2010,Q2-2010,8042,Q2,Apr-10,Apr-10,24124,April,Apr,4,Wednesday,Wed,4,1,76
4/22/2010,20100422,2010,Q2-2010,8042,Q2,Apr-10,Apr-10,24124,April,Apr,4,Thursday,Thu,5,1,77
4/23/2010,20100423,2010,Q2-2010,8042,Q2,Apr-10,Apr-10,24124,April,Apr,4,Friday,Fri,6,1,78
4/24/2010,20100424,2010,Q2-2010,8042,Q2,Apr-10,Apr-10,24124,April,Apr,4,Saturday,Sat,7,0,78
4/25/2010,20100425,2010,Q2-2010,8042,Q2,Apr-10,Apr-10,24124,April,Apr,4,Sunday,Sun,1,0,78
4/26/2010,20100426,2010,Q2-2010,8042,Q2,Apr-10,Apr-10,24124,April,Apr,4,Monday,Mon,2,1,79
4/27/2010,20100427,2010,Q2-2010,8042,Q2,Apr-10,Apr-10,24124,April,Apr,4,Tuesday,Tue,3,1,80
4/28/2010,20100428,2010,Q2-2010,8042,Q2,Apr-10,Apr-10,24124,April,Apr,4,Wednesday,Wed,4,1,81
4/29/2010,20100429,2010,Q2-2010,8042,Q2,Apr-10,Apr-10,24124,April,Apr,4,Thursday,Thu,5,1,82
4/30/2010,20100430,2010,Q2-2010,8042,Q2,Apr-10,Apr-10,24124,April,Apr,4,Friday,Fri,6,1,83
5/1/2010,20100501,2010,Q2-2010,8042,Q2,May-10,May-10,24125,May,May,5,Saturday,Sat,7,0,83
5/2/2010,20100502,2010,Q2-2010,8042,Q2,May-10,May-10,24125,May,May,5,Sunday,Sun,1,0,83
5/3/2010,20100503,2010,Q2-2010,8042,Q2,May-10,May-10,24125,May,May,5,Monday,Mon,2,1,84
5/4/2010,20100504,2010,Q2-2010,8042,Q2,May-10,May-10,24125,May,May,5,Tuesday,Tue,3,1,85
5/5/2010,20100505,2010,Q2-2010,8042,Q2,May-10,May-10,24125,May,May,5,Wednesday,Wed,4,1,86
5/6/2010,20100506,2010,Q2-2010,8042,Q2,May-10,May-10,24125,May,May,5,Thursday,Thu,5,1,87
5/7/2010,20100507,2010,Q2-2010,8042,Q2,May-10,May-10,24125,May,May,5,Friday,Fri,6,1,88
5/8/2010,20100508,2010,Q2-2010,8042,Q2,May-10,May-10,24125,May,May,5,Saturday,Sat,7,0,88
5/9/2010,20100509,2010,Q2-2010,8042,Q2,May-10,May-10,24125,May,May,5,Sunday,Sun,1,0,88
5/10/2010,20100510,2010,Q2-2010,8042,Q2,May-10,May-10,24125,May,May,5,Monday,Mon,2,1,89
5/11/2010,20100511,2010,Q2-2010,8042,Q2,May-10,May-10,24125,May,May,5,Tuesday,Tue,3,1,90
5/12/2010,20100512,2010,Q2-2010,8042,Q2,May-10,May-10,24125,May,May,5,Wednesday,Wed,4,1,91
5/13/2010,20100513,2010,Q2-2010,8042,Q2,May-10,May-10,24125,May,May,5,Thursday,Thu,5,1,92
5/14/2010,20100514,2010,Q2-2010,8042,Q2,May-10,May-10,24125,May,May,5,Friday,Fri,6,1,93
5/15/2010,20100515,2010,Q2-2010,8042,Q2,May-10,May-10,24125,May,May,5,Saturday,Sat,7,0,93
5/16/2010,20100516,2010,Q2-2010,8042,Q2,May-10,May-10,24125,May,May,5,Sunday,Sun,1,0,93
5/17/2010,20100517,2010,Q2-2010,8042,Q2,May-10,May-10,24125,May,May,5,Monday,Mon,2,1,94
5/18/2010,20100518,2010,Q2-2010,8042,Q2,May-10,May-10,24125,May,May,5,Tuesday,Tue,3,1,95
5/19/2010,20100519,2010,Q2-2010,8042,Q2,May-10,May-10,24125,May,May,5,Wednesday,Wed,4,1,96
5/20/2010,20100520,2010,Q2-2010,8042,Q2,May-10,May-10,24125,May,May,5,Thursday,Thu,5,1,97
5/21/2010,20100521,2010,Q2-2010,8042,Q2,May-10,May-10,24125,May,May,5,Friday,Fri,6,1,98
5/22/2010,20100522,2010,Q2-2010,8042,Q2,May-10,May-10,24125,May,May,5,Saturday,Sat,7,0,98
5/23/2010,20100523,2010,Q2-2010,8042,Q2,May-10,May-10,24125,May,May,5,Sunday,Sun,1,0,98
5/24/2010,20100524,2010,Q2-2010,8042,Q2,May-10,May-10,24125,May,May,5,Monday,Mon,2,1,99
5/25/2010,20100525,2010,Q2-2010,8042,Q2,May-10,May-10,24125,May,May,5,Tuesday,Tue,3,1,100
5/26/2010,20100526,2010,Q2-2010,8042,Q2,May-10,May-10,24125,May,May,5,Wednesday,Wed,4,1,101
5/27/2010,20100527,2010,Q2-2010,8042,Q2,May-10,May-10,24125,May,May,5,Thursday,Thu,5,1,102
5/28/2010,20100528,2010,Q2-2010,8042,Q2,May-10,May-10,24125,May,May,5,Friday,Fri,6,1,103
5/29/2010,20100529,2010,Q2-2010,8042,Q2,May-10,May-10,24125,May,May,5,Saturday,Sat,7,0,103
5/30/2010,20100530,2010,Q2-2010,8042,Q2,May-10,May-10,24125,May,May,5,Sunday,Sun,1,0,103
5/31/2010,20100531,2010,Q2-2010,8042,Q2,May-10,May-10,24125,May,May,5,Monday,Mon,2,0,103
6/1/2010,20100601,2010,Q2-2010,8042,Q2,Jun-10,Jun-10,24126,June,Jun,6,Tuesday,Tue,3,1,104
6/2/2010,20100602,2010,Q2-2010,8042,Q2,Jun-10,Jun-10,24126,June,Jun,6,Wednesday,Wed,4,1,105
6/3/2010,20100603,2010,Q2-2010,8042,Q2,Jun-10,Jun-10,24126,June,Jun,6,Thursday,Thu,5,1,106
6/4/2010,20100604,2010,Q2-2010,8042,Q2,Jun-10,Jun-10,24126,June,Jun,6,Friday,Fri,6,1,107
6/5/2010,20100605,2010,Q2-2010,8042,Q2,Jun-10,Jun-10,24126,June,Jun,6,Saturday,Sat,7,0,107
6/6/2010,20100606,2010,Q2-2010,8042,Q2,Jun-10,Jun-10,24126,June,Jun,6,Sunday,Sun,1,0,107
6/7/2010,20100607,2010,Q2-2010,8042,Q2,Jun-10,Jun-10,24126,June,Jun,6,Monday,Mon,2,1,108
6/8/2010,20100608,2010,Q2-2010,8042,Q2,Jun-10,Jun-10,24126,June,Jun,6,Tuesday,Tue,3,1,109
6/9/2010,20100609,2010,Q2-2010,8042,Q2,Jun-10,Jun-10,24126,June,Jun,6,Wednesday,Wed,4,1,110
6/10/2010,20100610,2010,Q2-2010,8042,Q2,Jun-10,Jun-10,24126,June,Jun,6,Thursday,Thu,5,1,111
6/11/2010,20100611,2010,Q2-2010,8042,Q2,Jun-10,Jun-10,24126,June,Jun,6,Friday,Fri,6,1,112
6/12/2010,20100612,2010,Q2-2010,8042,Q2,Jun-10,Jun-10,24126,June,Jun,6,Saturday,Sat,7,0,112
6/13/2010,20100613,2010,Q2-2010,8042,Q2,Jun-10,Jun-10,24126,June,Jun,6,Sunday,Sun,1,0,112
6/14/2010,20100614,2010,Q2-2010,8042,Q2,Jun-10,Jun-10,24126,June,Jun,6,Monday,Mon,2,1,113
6/15/2010,20100615,2010,Q2-2010,8042,Q2,Jun-10,Jun-10,24126,June,Jun,6,Tuesday,Tue,3,1,114
6/16/2010,20100616,2010,Q2-2010,8042,Q2,Jun-10,Jun-10,24126,June,Jun,6,Wednesday,Wed,4,1,115
6/17/2010,20100617,2010,Q2-2010,8042,Q2,Jun-10,Jun-10,24126,June,Jun,6,Thursday,Thu,5,1,116
6/18/2010,20100618,2010,Q2-2010,8042,Q2,Jun-10,Jun-10,24126,June,Jun,6,Friday,Fri,6,1,117
6/19/2010,20100619,2010,Q2-2010,8042,Q2,Jun-10,Jun-10,24126,June,Jun,6,Saturday,Sat,7,0,117
6/20/2010,20100620,2010,Q2-2010,8042,Q2,Jun-10,Jun-10,24126,June,Jun,6,Sunday,Sun,1,0,117
6/21/2010,20100621,2010,Q2-2010,8042,Q2,Jun-10,Jun-10,24126,June,Jun,6,Monday,Mon,2,1,118
6/22/2010,20100622,2010,Q2-2010,8042,Q2,Jun-10,Jun-10,24126,June,Jun,6,Tuesday,Tue,3,1,119
6/23/2010,20100623,2010,Q2-2010,8042,Q2,Jun-10,Jun-10,24126,June,Jun,6,Wednesday,Wed,4,1,120
6/24/2010,20100624,2010,Q2-2010,8042,Q2,Jun-10,Jun-10,24126,June,Jun,6,Thursday,Thu,5,1,121
6/25/2010,20100625,2010,Q2-2010,8042,Q2,Jun-10,Jun-10,24126,June,Jun,6,Friday,Fri,6,1,122
6/26/2010,20100626,2010,Q2-2010,8042,Q2,Jun-10,Jun-10,24126,June,Jun,6,Saturday,Sat,7,0,122
6/27/2010,20100627,2010,Q2-2010,8042,Q2,Jun-10,Jun-10,24126,June,Jun,6,Sunday,Sun,1,0,122
6/28/2010,20100628,2010,Q2-2010,8042,Q2,Jun-10,Jun-10,24126,June,Jun,6,Monday,Mon,2,1,123
6/29/2010,20100629,2010,Q2-2010,8042,Q2,Jun-10,Jun-10,24126,June,Jun,6,Tuesday,Tue,3,1,124
6/30/2010,20100630,2010,Q2-2010,8042,Q2,Jun-10,Jun-10,24126,June,Jun,6,Wednesday,Wed,4,1,125
7/1/2010,20100701,2010,Q3-2010,8043,Q3,Jul-10,Jul-10,24127,July,Jul,7,Thursday,Thu,5,1,126
7/2/2010,20100702,2010,Q3-2010,8043,Q3,Jul-10,Jul-10,24127,July,Jul,7,Friday,Fri,6,1,127
7/3/2010,20100703,2010,Q3-2010,8043,Q3,Jul-10,Jul-10,24127,July,Jul,7,Saturday,Sat,7,0,127
7/4/2010,20100704,2010,Q3-2010,8043,Q3,Jul-10,Jul-10,24127,July,Jul,7,Sunday,Sun,1,0,127
7/5/2010,20100705,2010,Q3-2010,8043,Q3,Jul-10,Jul-10,24127,July,Jul,7,Monday,Mon,2,0,127
7/6/2010,20100706,2010,Q3-2010,8043,Q3,Jul-10,Jul-10,24127,July,Jul,7,Tuesday,Tue,3,1,128
7/7/2010,20100707,2010,Q3-2010,8043,Q3,Jul-10,Jul-10,24127,July,Jul,7,Wednesday,Wed,4,1,129
7/8/2010,20100708,2010,Q3-2010,8043,Q3,Jul-10,Jul-10,24127,July,Jul,7,Thursday,Thu,5,1,130
7/9/2010,20100709,2010,Q3-2010,8043,Q3,Jul-10,Jul-10,24127,July,Jul,7,Friday,Fri,6,1,131
7/10/2010,20100710,2010,Q3-2010,8043,Q3,Jul-10,Jul-10,24127,July,Jul,7,Saturday,Sat,7,0,131
7/11/2010,20100711,2010,Q3-2010,8043,Q3,Jul-10,Jul-10,24127,July,Jul,7,Sunday,Sun,1,0,131
7/12/2010,20100712,2010,Q3-2010,8043,Q3,Jul-10,Jul-10,24127,July,Jul,7,Monday,Mon,2,1,132
7/13/2010,20100713,2010,Q3-2010,8043,Q3,Jul-10,Jul-10,24127,July,Jul,7,Tuesday,Tue,3,1,133
7/14/2010,20100714,2010,Q3-2010,8043,Q3,Jul-10,Jul-10,24127,July,Jul,7,Wednesday,Wed,4,1,134
7/15/2010,20100715,2010,Q3-2010,8043,Q3,Jul-10,Jul-10,24127,July,Jul,7,Thursday,Thu,5,1,135
7/16/2010,20100716,2010,Q3-2010,8043,Q3,Jul-10,Jul-10,24127,July,Jul,7,Friday,Fri,6,1,136
7/17/2010,20100717,2010,Q3-2010,8043,Q3,Jul-10,Jul-10,24127,July,Jul,7,Saturday,Sat,7,0,136
7/18/2010,20100718,2010,Q3-2010,8043,Q3,Jul-10,Jul-10,24127,July,Jul,7,Sunday,Sun,1,0,136
7/19/2010,20100719,2010,Q3-2010,8043,Q3,Jul-10,Jul-10,24127,July,Jul,7,Monday,Mon,2,1,137
7/20/2010,20100720,2010,Q3-2010,8043,Q3,Jul-10,Jul-10,24127,July,Jul,7,Tuesday,Tue,3,1,138
7/21/2010,20100721,2010,Q3-2010,8043,Q3,Jul-10,Jul-10,24127,July,Jul,7,Wednesday,Wed,4,1,139
7/22/2010,20100722,2010,Q3-2010,8043,Q3,Jul-10,Jul-10,24127,July,Jul,7,Thursday,Thu,5,1,140
7/23/2010,20100723,2010,Q3-2010,8043,Q3,Jul-10,Jul-10,24127,July,Jul,7,Friday,Fri,6,1,141
7/24/2010,20100724,2010,Q3-2010,8043,Q3,Jul-10,Jul-10,24127,July,Jul,7,Saturday,Sat,7,0,141
7/25/2010,20100725,2010,Q3-2010,8043,Q3,Jul-10,Jul-10,24127,July,Jul,7,Sunday,Sun,1,0,141
7/26/2010,20100726,2010,Q3-2010,8043,Q3,Jul-10,Jul-10,24127,July,Jul,7,Monday,Mon,2,1,142
7/27/2010,20100727,2010,Q3-2010,8043,Q3,Jul-10,Jul-10,24127,July,Jul,7,Tuesday,Tue,3,1,143
7/28/2010,20100728,2010,Q3-2010,8043,Q3,Jul-10,Jul-10,24127,July,Jul,7,Wednesday,Wed,4,1,144
7/29/2010,20100729,2010,Q3-2010,8043,Q3,Jul-10,Jul-10,24127,July,Jul,7,Thursday,Thu,5,1,145
7/30/2010,20100730,2010,Q3-2010,8043,Q3,Jul-10,Jul-10,24127,July,Jul,7,Friday,Fri,6,1,146
7/31/2010,20100731,2010,Q3-2010,8043,Q3,Jul-10,Jul-10,24127,July,Jul,7,Saturday,Sat,7,0,146
8/1/2010,20100801,2010,Q3-2010,8043,Q3,Aug-10,Aug-10,24128,August,Aug,8,Sunday,Sun,1,0,146
8/2/2010,20100802,2010,Q3-2010,8043,Q3,Aug-10,Aug-10,24128,August,Aug,8,Monday,Mon,2,1,147
8/3/2010,20100803,2010,Q3-2010,8043,Q3,Aug-10,Aug-10,24128,August,Aug,8,Tuesday,Tue,3,1,148
8/4/2010,20100804,2010,Q3-2010,8043,Q3,Aug-10,Aug-10,24128,August,Aug,8,Wednesday,Wed,4,1,149
8/5/2010,20100805,2010,Q3-2010,8043,Q3,Aug-10,Aug-10,24128,August,Aug,8,Thursday,Thu,5,1,150
8/6/2010,20100806,2010,Q3-2010,8043,Q3,Aug-10,Aug-10,24128,August,Aug,8,Friday,Fri,6,1,151
8/7/2010,20100807,2010,Q3-2010,8043,Q3,Aug-10,Aug-10,24128,August,Aug,8,Saturday,Sat,7,0,151
8/8/2010,20100808,2010,Q3-2010,8043,Q3,Aug-10,Aug-10,24128,August,Aug,8,Sunday,Sun,1,0,151
8/9/2010,20100809,2010,Q3-2010,8043,Q3,Aug-10,Aug-10,24128,August,Aug,8,Monday,Mon,2,1,152
8/10/2010,20100810,2010,Q3-2010,8043,Q3,Aug-10,Aug-10,24128,August,Aug,8,Tuesday,Tue,3,1,153
8/11/2010,20100811,2010,Q3-2010,8043,Q3,Aug-10,Aug-10,24128,August,Aug,8,Wednesday,Wed,4,1,154
8/12/2010,20100812,2010,Q3-2010,8043,Q3,Aug-10,Aug-10,24128,August,Aug,8,Thursday,Thu,5,1,155
8/13/2010,20100813,2010,Q3-2010,8043,Q3,Aug-10,Aug-10,24128,August,Aug,8,Friday,Fri,6,1,156
8/14/2010,20100814,2010,Q3-2010,8043,Q3,Aug-10,Aug-10,24128,August,Aug,8,Saturday,Sat,7,0,156
8/15/2010,20100815,2010,Q3-2010,8043,Q3,Aug-10,Aug-10,24128,August,Aug,8,Sunday,Sun,1,0,156
8/16/2010,20100816,2010,Q3-2010,8043,Q3,Aug-10,Aug-10,24128,August,Aug,8,Monday,Mon,2,1,157
8/17/2010,20100817,2010,Q3-2010,8043,Q3,Aug-10,Aug-10,24128,August,Aug,8,Tuesday,Tue,3,1,158
8/18/2010,20100818,2010,Q3-2010,8043,Q3,Aug-10,Aug-10,24128,August,Aug,8,Wednesday,Wed,4,1,159
8/19/2010,20100819,2010,Q3-2010,8043,Q3,Aug-10,Aug-10,24128,August,Aug,8,Thursday,Thu,5,1,160
8/20/2010,20100820,2010,Q3-2010,8043,Q3,Aug-10,Aug-10,24128,August,Aug,8,Friday,Fri,6,1,161
8/21/2010,20100821,2010,Q3-2010,8043,Q3,Aug-10,Aug-10,24128,August,Aug,8,Saturday,Sat,7,0,161
8/22/2010,20100822,2010,Q3-2010,8043,Q3,Aug-10,Aug-10,24128,August,Aug,8,Sunday,Sun,1,0,161
8/23/2010,20100823,2010,Q3-2010,8043,Q3,Aug-10,Aug-10,24128,August,Aug,8,Monday,Mon,2,1,162
8/24/2010,20100824,2010,Q3-2010,8043,Q3,Aug-10,Aug-10,24128,August,Aug,8,Tuesday,Tue,3,1,163
8/25/2010,20100825,2010,Q3-2010,8043,Q3,Aug-10,Aug-10,24128,August,Aug,8,Wednesday,Wed,4,1,164
8/26/2010,20100826,2010,Q3-2010,8043,Q3,Aug-10,Aug-10,24128,August,Aug,8,Thursday,Thu,5,1,165
8/27/2010,20100827,2010,Q3-2010,8043,Q3,Aug-10,Aug-10,24128,August,Aug,8,Friday,Fri,6,1,166
8/28/2010,20100828,2010,Q3-2010,8043,Q3,Aug-10,Aug-10,24128,August,Aug,8,Saturday,Sat,7,0,166
8/29/2010,20100829,2010,Q3-2010,8043,Q3,Aug-10,Aug-10,24128,August,Aug,8,Sunday,Sun,1,0,166
8/30/2010,20100830,2010,Q3-2010,8043,Q3,Aug-10,Aug-10,24128,August,Aug,8,Monday,Mon,2,1,167
8/31/2010,20100831,2010,Q3-2010,8043,Q3,Aug-10,Aug-10,24128,August,Aug,8,Tuesday,Tue,3,1,168
9/1/2010,20100901,2010,Q3-2010,8043,Q3,Sep-10,Sep-10,24129,September,Sep,9,Wednesday,Wed,4,1,169
9/2/2010,20100902,2010,Q3-2010,8043,Q3,Sep-10,Sep-10,24129,September,Sep,9,Thursday,Thu,5,1,170
9/3/2010,20100903,2010,Q3-2010,8043,Q3,Sep-10,Sep-10,24129,September,Sep,9,Friday,Fri,6,1,171
9/4/2010,20100904,2010,Q3-2010,8043,Q3,Sep-10,Sep-10,24129,September,Sep,9,Saturday,Sat,7,0,171
9/5/2010,20100905,2010,Q3-2010,8043,Q3,Sep-10,Sep-10,24129,September,Sep,9,Sunday,Sun,1,0,171
9/6/2010,20100906,2010,Q3-2010,8043,Q3,Sep-10,Sep-10,24129,September,Sep,9,Monday,Mon,2,0,171
9/7/2010,20100907,2010,Q3-2010,8043,Q3,Sep-10,Sep-10,24129,September,Sep,9,Tuesday,Tue,3,1,172
9/8/2010,20100908,2010,Q3-2010,8043,Q3,Sep-10,Sep-10,24129,September,Sep,9,Wednesday,Wed,4,1,173
9/9/2010,20100909,2010,Q3-2010,8043,Q3,Sep-10,Sep-10,24129,September,Sep,9,Thursday,Thu,5,1,174
9/10/2010,20100910,2010,Q3-2010,8043,Q3,Sep-10,Sep-10,24129,September,Sep,9,Friday,Fri,6,1,175
9/11/2010,20100911,2010,Q3-2010,8043,Q3,Sep-10,Sep-10,24129,September,Sep,9,Saturday,Sat,7,0,175
9/12/2010,20100912,2010,Q3-2010,8043,Q3,Sep-10,Sep-10,24129,September,Sep,9,Sunday,Sun,1,0,175
9/13/2010,20100913,2010,Q3-2010,8043,Q3,Sep-10,Sep-10,24129,September,Sep,9,Monday,Mon,2,1,176
9/14/2010,20100914,2010,Q3-2010,8043,Q3,Sep-10,Sep-10,24129,September,Sep,9,Tuesday,Tue,3,1,177
9/15/2010,20100915,2010,Q3-2010,8043,Q3,Sep-10,Sep-10,24129,September,Sep,9,Wednesday,Wed,4,1,178
9/16/2010,20100916,2010,Q3-2010,8043,Q3,Sep-10,Sep-10,24129,September,Sep,9,Thursday,Thu,5,1,179
9/17/2010,20100917,2010,Q3-2010,8043,Q3,Sep-10,Sep-10,24129,September,Sep,9,Friday,Fri,6,1,180
9/18/2010,20100918,2010,Q3-2010,8043,Q3,Sep-10,Sep-10,24129,September,Sep,9,Saturday,Sat,7,0,180
9/19/2010,20100919,2010,Q3-2010,8043,Q3,Sep-10,Sep-10,24129,September,Sep,9,Sunday,Sun,1,0,180
9/20/2010,20100920,2010,Q3-2010,8043,Q3,Sep-10,Sep-10,24129,September,Sep,9,Monday,Mon,2,1,181
9/21/2010,20100921,2010,Q3-2010,8043,Q3,Sep-10,Sep-10,24129,September,Sep,9,Tuesday,Tue,3,1,182
9/22/2010,20100922,2010,Q3-2010,8043,Q3,Sep-10,Sep-10,24129,September,Sep,9,Wednesday,Wed,4,1,183
9/23/2010,20100923,2010,Q3-2010,8043,Q3,Sep-10,Sep-10,24129,September,Sep,9,Thursday,Thu,5,1,184
9/24/2010,20100924,2010,Q3-2010,8043,Q3,Sep-10,Sep-10,24129,September,Sep,9,Friday,Fri,6,1,185
9/25/2010,20100925,2010,Q3-2010,8043,Q3,Sep-10,Sep-10,24129,September,Sep,9,Saturday,Sat,7,0,185
9/26/2010,20100926,2010,Q3-2010,8043,Q3,Sep-10,Sep-10,24129,September,Sep,9,Sunday,Sun,1,0,185
9/27/2010,20100927,2010,Q3-2010,8043,Q3,Sep-10,Sep-10,24129,September,Sep,9,Monday,Mon,2,1,186
9/28/2010,20100928,2010,Q3-2010,8043,Q3,Sep-10,Sep-10,24129,September,Sep,9,Tuesday,Tue,3,1,187
9/29/2010,20100929,2010,Q3-2010,8043,Q3,Sep-10,Sep-10,24129,September,Sep,9,Wednesday,Wed,4,1,188
9/30/2010,20100930,2010,Q3-2010,8043,Q3,Sep-10,Sep-10,24129,September,Sep,9,Thursday,Thu,5,1,189
10/1/2010,20101001,2010,Q4-2010,8044,Q4,Oct-10,Oct-10,24130,October,Oct,10,Friday,Fri,6,1,190
10/2/2010,20101002,2010,Q4-2010,8044,Q4,Oct-10,Oct-10,24130,October,Oct,10,Saturday,Sat,7,0,190
10/3/2010,20101003,2010,Q4-2010,8044,Q4,Oct-10,Oct-10,24130,October,Oct,10,Sunday,Sun,1,0,190
10/4/2010,20101004,2010,Q4-2010,8044,Q4,Oct-10,Oct-10,24130,October,Oct,10,Monday,Mon,2,1,191
10/5/2010,20101005,2010,Q4-2010,8044,Q4,Oct-10,Oct-10,24130,October,Oct,10,Tuesday,Tue,3,1,192
10/6/2010,20101006,2010,Q4-2010,8044,Q4,Oct-10,Oct-10,24130,October,Oct,10,Wednesday,Wed,4,1,193
10/7/2010,20101007,2010,Q4-2010,8044,Q4,Oct-10,Oct-10,24130,October,Oct,10,Thursday,Thu,5,1,194
10/8/2010,20101008,2010,Q4-2010,8044,Q4,Oct-10,Oct-10,24130,October,Oct,10,Friday,Fri,6,1,195
10/9/2010,20101009,2010,Q4-2010,8044,Q4,Oct-10,Oct-10,24130,October,Oct,10,Saturday,Sat,7,0,195
10/10/2010,20101010,2010,Q4-2010,8044,Q4,Oct-10,Oct-10,24130,October,Oct,10,Sunday,Sun,1,0,195
10/11/2010,20101011,2010,Q4-2010,8044,Q4,Oct-10,Oct-10,24130,October,Oct,10,Monday,Mon,2,0,195
10/12/2010,20101012,2010,Q4-2010,8044,Q4,Oct-10,Oct-10,24130,October,Oct,10,Tuesday,Tue,3,1,196
10/13/2010,20101013,2010,Q4-2010,8044,Q4,Oct-10,Oct-10,24130,October,Oct,10,Wednesday,Wed,4,1,197
10/14/2010,20101014,2010,Q4-2010,8044,Q4,Oct-10,Oct-10,24130,October,Oct,10,Thursday,Thu,5,1,198
10/15/2010,20101015,2010,Q4-2010,8044,Q4,Oct-10,Oct-10,24130,October,Oct,10,Friday,Fri,6,1,199
10/16/2010,20101016,2010,Q4-2010,8044,Q4,Oct-10,Oct-10,24130,October,Oct,10,Saturday,Sat,7,0,199
10/17/2010,20101017,2010,Q4-2010,8044,Q4,Oct-10,Oct-10,24130,October,Oct,10,Sunday,Sun,1,0,199
10/18/2010,20101018,2010,Q4-2010,8044,Q4,Oct-10,Oct-10,24130,October,Oct,10,Monday,Mon,2,1,200
10/19/2010,20101019,2010,Q4-2010,8044,Q4,Oct-10,Oct-10,24130,October,Oct,10,Tuesday,Tue,3,1,201
10/20/2010,20101020,2010,Q4-2010,8044,Q4,Oct-10,Oct-10,24130,October,Oct,10,Wednesday,Wed,4,1,202
10/21/2010,20101021,2010,Q4-2010,8044,Q4,Oct-10,Oct-10,24130,October,Oct,10,Thursday,Thu,5,1,203
10/22/2010,20101022,2010,Q4-2010,8044,Q4,Oct-10,Oct-10,24130,October,Oct,10,Friday,Fri,6,1,204
10/23/2010,20101023,2010,Q4-2010,8044,Q4,Oct-10,Oct-10,24130,October,Oct,10,Saturday,Sat,7,0,204
10/24/2010,20101024,2010,Q4-2010,8044,Q4,Oct-10,Oct-10,24130,October,Oct,10,Sunday,Sun,1,0,204
10/25/2010,20101025,2010,Q4-2010,8044,Q4,Oct-10,Oct-10,24130,October,Oct,10,Monday,Mon,2,1,205
10/26/2010,20101026,2010,Q4-2010,8044,Q4,Oct-10,Oct-10,24130,October,Oct,10,Tuesday,Tue,3,1,206
10/27/2010,20101027,2010,Q4-2010,8044,Q4,Oct-10,Oct-10,24130,October,Oct,10,Wednesday,Wed,4,1,207
10/28/2010,20101028,2010,Q4-2010,8044,Q4,Oct-10,Oct-10,24130,October,Oct,10,Thursday,Thu,5,1,208
10/29/2010,20101029,2010,Q4-2010,8044,Q4,Oct-10,Oct-10,24130,October,Oct,10,Friday,Fri,6,1,209
10/30/2010,20101030,2010,Q4-2010,8044,Q4,Oct-10,Oct-10,24130,October,Oct,10,Saturday,Sat,7,0,209
10/31/2010,20101031,2010,Q4-2010,8044,Q4,Oct-10,Oct-10,24130,October,Oct,10,Sunday,Sun,1,0,209
11/1/2010,20101101,2010,Q4-2010,8044,Q4,Nov-10,Nov-10,24131,November,Nov,11,Monday,Mon,2,1,210
11/2/2010,20101102,2010,Q4-2010,8044,Q4,Nov-10,Nov-10,24131,November,Nov,11,Tuesday,Tue,3,1,211
11/3/2010,20101103,2010,Q4-2010,8044,Q4,Nov-10,Nov-10,24131,November,Nov,11,Wednesday,Wed,4,1,212
11/4/2010,20101104,2010,Q4-2010,8044,Q4,Nov-10,Nov-10,24131,November,Nov,11,Thursday,Thu,5,1,213
11/5/2010,20101105,2010,Q4-2010,8044,Q4,Nov-10,Nov-10,24131,November,Nov,11,Friday,Fri,6,1,214
11/6/2010,20101106,2010,Q4-2010,8044,Q4,Nov-10,Nov-10,24131,November,Nov,11,Saturday,Sat,7,0,214
11/7/2010,20101107,2010,Q4-2010,8044,Q4,Nov-10,Nov-10,24131,November,Nov,11,Sunday,Sun,1,0,214
11/8/2010,20101108,2010,Q4-2010,8044,Q4,Nov-10,Nov-10,24131,November,Nov,11,Monday,Mon,2,1,215
11/9/2010,20101109,2010,Q4-2010,8044,Q4,Nov-10,Nov-10,24131,November,Nov,11,Tuesday,Tue,3,1,216
11/10/2010,20101110,2010,Q4-2010,8044,Q4,Nov-10,Nov-10,24131,November,Nov,11,Wednesday,Wed,4,1,217
11/11/2010,20101111,2010,Q4-2010,8044,Q4,Nov-10,Nov-10,24131,November,Nov,11,Thursday,Thu,5,0,217
11/12/2010,20101112,2010,Q4-2010,8044,Q4,Nov-10,Nov-10,24131,November,Nov,11,Friday,Fri,6,1,218
11/13/2010,20101113,2010,Q4-2010,8044,Q4,Nov-10,Nov-10,24131,November,Nov,11,Saturday,Sat,7,0,218
11/14/2010,20101114,2010,Q4-2010,8044,Q4,Nov-10,Nov-10,24131,November,Nov,11,Sunday,Sun,1,0,218
11/15/2010,20101115,2010,Q4-2010,8044,Q4,Nov-10,Nov-10,24131,November,Nov,11,Monday,Mon,2,1,219
11/16/2010,20101116,2010,Q4-2010,8044,Q4,Nov-10,Nov-10,24131,November,Nov,11,Tuesday,Tue,3,1,220
11/17/2010,20101117,2010,Q4-2010,8044,Q4,Nov-10,Nov-10,24131,November,Nov,11,Wednesday,Wed,4,1,221
11/18/2010,20101118,2010,Q4-2010,8044,Q4,Nov-10,Nov-10,24131,November,Nov,11,Thursday,Thu,5,1,222
11/19/2010,20101119,2010,Q4-2010,8044,Q4,Nov-10,Nov-10,24131,November,Nov,11,Friday,Fri,6,1,223
11/20/2010,20101120,2010,Q4-2010,8044,Q4,Nov-10,Nov-10,24131,November,Nov,11,Saturday,Sat,7,0,223
11/21/2010,20101121,2010,Q4-2010,8044,Q4,Nov-10,Nov-10,24131,November,Nov,11,Sunday,Sun,1,0,223
11/22/2010,20101122,2010,Q4-2010,8044,Q4,Nov-10,Nov-10,24131,November,Nov,11,Monday,Mon,2,1,224
11/23/2010,20101123,2010,Q4-2010,8044,Q4,Nov-10,Nov-10,24131,November,Nov,11,Tuesday,Tue,3,1,225
11/24/2010,20101124,2010,Q4-2010,8044,Q4,Nov-10,Nov-10,24131,November,Nov,11,Wednesday,Wed,4,1,226
11/25/2010,20101125,2010,Q4-2010,8044,Q4,Nov-10,Nov-10,24131,November,Nov,11,Thursday,Thu,5,0,226
11/26/2010,20101126,2010,Q4-2010,8044,Q4,Nov-10,Nov-10,24131,November,Nov,11,Friday,Fri,6,1,227
11/27/2010,20101127,2010,Q4-2010,8044,Q4,Nov-10,Nov-10,24131,November,Nov,11,Saturday,Sat,7,0,227
11/28/2010,20101128,2010,Q4-2010,8044,Q4,Nov-10,Nov-10,24131,November,Nov,11,Sunday,Sun,1,0,227
11/29/2010,20101129,2010,Q4-2010,8044,Q4,Nov-10,Nov-10,24131,November,Nov,11,Monday,Mon,2,1,228
11/30/2010,20101130,2010,Q4-2010,8044,Q4,Nov-10,Nov-10,24131,November,Nov,11,Tuesday,Tue,3,1,229
12/1/2010,20101201,2010,Q4-2010,8044,Q4,Dec-10,Dec-10,24132,December,Dec,12,Wednesday,Wed,4,1,230
12/2/2010,20101202,2010,Q4-2010,8044,Q4,Dec-10,Dec-10,24132,December,Dec,12,Thursday,Thu,5,1,231
12/3/2010,20101203,2010,Q4-2010,8044,Q4,Dec-10,Dec-10,24132,December,Dec,12,Friday,Fri,6,1,232
12/4/2010,20101204,2010,Q4-2010,8044,Q4,Dec-10,Dec-10,24132,December,Dec,12,Saturday,Sat,7,0,232
12/5/2010,20101205,2010,Q4-2010,8044,Q4,Dec-10,Dec-10,24132,December,Dec,12,Sunday,Sun,1,0,232
12/6/2010,20101206,2010,Q4-2010,8044,Q4,Dec-10,Dec-10,24132,December,Dec,12,Monday,Mon,2,1,233
12/7/2010,20101207,2010,Q4-2010,8044,Q4,Dec-10,Dec-10,24132,December,Dec,12,Tuesday,Tue,3,1,234
12/8/2010,20101208,2010,Q4-2010,8044,Q4,Dec-10,Dec-10,24132,December,Dec,12,Wednesday,Wed,4,1,235
12/9/2010,20101209,2010,Q4-2010,8044,Q4,Dec-10,Dec-10,24132,December,Dec,12,Thursday,Thu,5,1,236
12/10/2010,20101210,2010,Q4-2010,8044,Q4,Dec-10,Dec-10,24132,December,Dec,12,Friday,Fri,6,1,237
12/11/2010,20101211,2010,Q4-2010,8044,Q4,Dec-10,Dec-10,24132,December,Dec,12,Saturday,Sat,7,0,237
12/12/2010,20101212,2010,Q4-2010,8044,Q4,Dec-10,Dec-10,24132,December,Dec,12,Sunday,Sun,1,0,237
12/13/2010,20101213,2010,Q4-2010,8044,Q4,Dec-10,Dec-10,24132,December,Dec,12,Monday,Mon,2,1,238
12/14/2010,20101214,2010,Q4-2010,8044,Q4,Dec-10,Dec-10,24132,December,Dec,12,Tuesday,Tue,3,1,239
12/15/2010,20101215,2010,Q4-2010,8044,Q4,Dec-10,Dec-10,24132,December,Dec,12,Wednesday,Wed,4,1,240
12/16/2010,20101216,2010,Q4-2010,8044,Q4,Dec-10,Dec-10,24132,December,Dec,12,Thursday,Thu,5,1,241
12/17/2010,20101217,2010,Q4-2010,8044,Q4,Dec-10,Dec-10,24132,December,Dec,12,Friday,Fri,6,1,242
12/18/2010,20101218,2010,Q4-2010,8044,Q4,Dec-10,Dec-10,24132,December,Dec,12,Saturday,Sat,7,0,242
12/19/2010,20101219,2010,Q4-2010,8044,Q4,Dec-10,Dec-10,24132,December,Dec,12,Sunday,Sun,1,0,242
12/20/2010,20101220,2010,Q4-2010,8044,Q4,Dec-10,Dec-10,24132,December,Dec,12,Monday,Mon,2,1,243
12/21/2010,20101221,2010,Q4-2010,8044,Q4,Dec-10,Dec-10,24132,December,Dec,12,Tuesday,Tue,3,1,244
12/22/2010,20101222,2010,Q4-2010,8044,Q4,Dec-10,Dec-10,24132,December,Dec,12,Wednesday,Wed,4,1,245
12/23/2010,20101223,2010,Q4-2010,8044,Q4,Dec-10,Dec-10,24132,December,Dec,12,Thursday,Thu,5,1,246
12/24/2010,20101224,2010,Q4-2010,8044,Q4,Dec-10,Dec-10,24132,December,Dec,12,Friday,Fri,6,0,246
12/25/2010,20101225,2010,Q4-2010,8044,Q4,Dec-10,Dec-10,24132,December,Dec,12,Saturday,Sat,7,0,246
12/26/2010,20101226,2010,Q4-2010,8044,Q4,Dec-10,Dec-10,24132,December,Dec,12,Sunday,Sun,1,0,246
12/27/2010,20101227,2010,Q4-2010,8044,Q4,Dec-10,Dec-10,24132,December,Dec,12,Monday,Mon,2,1,247
12/28/2010,20101228,2010,Q4-2010,8044,Q4,Dec-10,Dec-10,24132,December,Dec,12,Tuesday,Tue,3,1,248
12/29/2010,20101229,2010,Q4-2010,8044,Q4,Dec-10,Dec-10,24132,December,Dec,12,Wednesday,Wed,4,1,249
12/30/2010,20101230,2010,Q4-2010,8044,Q4,Dec-10,Dec-10,24132,December,Dec,12,Thursday,Thu,5,1,250
12/31/2010,20101231,2010,Q4-2010,8044,Q4,Dec-10,Dec-10,24132,December,Dec,12,Friday,Fri,6,0,250
1/1/2011,20110101,2011,Q1-2011,8045,Q1,Jan-11,Jan-11,24133,January,Jan,1,Saturday,Sat,7,0,250
1/2/2011,20110102,2011,Q1-2011,8045,Q1,Jan-11,Jan-11,24133,January,Jan,1,Sunday,Sun,1,0,250
1/3/2011,20110103,2011,Q1-2011,8045,Q1,Jan-11,Jan-11,24133,January,Jan,1,Monday,Mon,2,1,251
1/4/2011,20110104,2011,Q1-2011,8045,Q1,Jan-11,Jan-11,24133,January,Jan,1,Tuesday,Tue,3,1,252
1/5/2011,20110105,2011,Q1-2011,8045,Q1,Jan-11,Jan-11,24133,January,Jan,1,Wednesday,Wed,4,1,253
1/6/2011,20110106,2011,Q1-2011,8045,Q1,Jan-11,Jan-11,24133,January,Jan,1,Thursday,Thu,5,1,254
1/7/2011,20110107,2011,Q1-2011,8045,Q1,Jan-11,Jan-11,24133,January,Jan,1,Friday,Fri,6,1,255
1/8/2011,20110108,2011,Q1-2011,8045,Q1,Jan-11,Jan-11,24133,January,Jan,1,Saturday,Sat,7,0,255
1/9/2011,20110109,2011,Q1-2011,8045,Q1,Jan-11,Jan-11,24133,January,Jan,1,Sunday,Sun,1,0,255
1/10/2011,20110110,2011,Q1-2011,8045,Q1,Jan-11,Jan-11,24133,January,Jan,1,Monday,Mon,2,1,256
1/11/2011,20110111,2011,Q1-2011,8045,Q1,Jan-11,Jan-11,24133,January,Jan,1,Tuesday,Tue,3,1,257
1/12/2011,20110112,2011,Q1-2011,8045,Q1,Jan-11,Jan-11,24133,January,Jan,1,Wednesday,Wed,4,1,258
1/13/2011,20110113,2011,Q1-2011,8045,Q1,Jan-11,Jan-11,24133,January,Jan,1,Thursday,Thu,5,1,259
1/14/2011,20110114,2011,Q1-2011,8045,Q1,Jan-11,Jan-11,24133,January,Jan,1,Friday,Fri,6,1,260
1/15/2011,20110115,2011,Q1-2011,8045,Q1,Jan-11,Jan-11,24133,January,Jan,1,Saturday,Sat,7,0,260
1/16/2011,20110116,2011,Q1-2011,8045,Q1,Jan-11,Jan-11,24133,January,Jan,1,Sunday,Sun,1,0,260
1/17/2011,20110117,2011,Q1-2011,8045,Q1,Jan-11,Jan-11,24133,January,Jan,1,Monday,Mon,2,0,260
1/18/2011,20110118,2011,Q1-2011,8045,Q1,Jan-11,Jan-11,24133,January,Jan,1,Tuesday,Tue,3,1,261
1/19/2011,20110119,2011,Q1-2011,8045,Q1,Jan-11,Jan-11,24133,January,Jan,1,Wednesday,Wed,4,1,262
1/20/2011,20110120,2011,Q1-2011,8045,Q1,Jan-11,Jan-11,24133,January,Jan,1,Thursday,Thu,5,1,263
1/21/2011,20110121,2011,Q1-2011,8045,Q1,Jan-11,Jan-11,24133,January,Jan,1,Friday,Fri,6,1,264
1/22/2011,20110122,2011,Q1-2011,8045,Q1,Jan-11,Jan-11,24133,January,Jan,1,Saturday,Sat,7,0,264
1/23/2011,20110123,2011,Q1-2011,8045,Q1,Jan-11,Jan-11,24133,January,Jan,1,Sunday,Sun,1,0,264
1/24/2011,20110124,2011,Q1-2011,8045,Q1,Jan-11,Jan-11,24133,January,Jan,1,Monday,Mon,2,1,265
1/25/2011,20110125,2011,Q1-2011,8045,Q1,Jan-11,Jan-11,24133,January,Jan,1,Tuesday,Tue,3,1,266
1/26/2011,20110126,2011,Q1-2011,8045,Q1,Jan-11,Jan-11,24133,January,Jan,1,Wednesday,Wed,4,1,267
1/27/2011,20110127,2011,Q1-2011,8045,Q1,Jan-11,Jan-11,24133,January,Jan,1,Thursday,Thu,5,1,268
1/28/2011,20110128,2011,Q1-2011,8045,Q1,Jan-11,Jan-11,24133,January,Jan,1,Friday,Fri,6,1,269
1/29/2011,20110129,2011,Q1-2011,8045,Q1,Jan-11,Jan-11,24133,January,Jan,1,Saturday,Sat,7,0,269
1/30/2011,20110130,2011,Q1-2011,8045,Q1,Jan-11,Jan-11,24133,January,Jan,1,Sunday,Sun,1,0,269
1/31/2011,20110131,2011,Q1-2011,8045,Q1,Jan-11,Jan-11,24133,January,Jan,1,Monday,Mon,2,1,270
2/1/2011,20110201,2011,Q1-2011,8045,Q1,Feb-11,Feb-11,24134,February,Feb,2,Tuesday,Tue,3,1,271
2/2/2011,20110202,2011,Q1-2011,8045,Q1,Feb-11,Feb-11,24134,February,Feb,2,Wednesday,Wed,4,1,272
2/3/2011,20110203,2011,Q1-2011,8045,Q1,Feb-11,Feb-11,24134,February,Feb,2,Thursday,Thu,5,1,273
2/4/2011,20110204,2011,Q1-2011,8045,Q1,Feb-11,Feb-11,24134,February,Feb,2,Friday,Fri,6,1,274
2/5/2011,20110205,2011,Q1-2011,8045,Q1,Feb-11,Feb-11,24134,February,Feb,2,Saturday,Sat,7,0,274
2/6/2011,20110206,2011,Q1-2011,8045,Q1,Feb-11,Feb-11,24134,February,Feb,2,Sunday,Sun,1,0,274
2/7/2011,20110207,2011,Q1-2011,8045,Q1,Feb-11,Feb-11,24134,February,Feb,2,Monday,Mon,2,1,275
2/8/2011,20110208,2011,Q1-2011,8045,Q1,Feb-11,Feb-11,24134,February,Feb,2,Tuesday,Tue,3,1,276
2/9/2011,20110209,2011,Q1-2011,8045,Q1,Feb-11,Feb-11,24134,February,Feb,2,Wednesday,Wed,4,1,277
2/10/2011,20110210,2011,Q1-2011,8045,Q1,Feb-11,Feb-11,24134,February,Feb,2,Thursday,Thu,5,1,278
2/11/2011,20110211,2011,Q1-2011,8045,Q1,Feb-11,Feb-11,24134,February,Feb,2,Friday,Fri,6,1,279
2/12/2011,20110212,2011,Q1-2011,8045,Q1,Feb-11,Feb-11,24134,February,Feb,2,Saturday,Sat,7,0,279
2/13/2011,20110213,2011,Q1-2011,8045,Q1,Feb-11,Feb-11,24134,February,Feb,2,Sunday,Sun,1,0,279
2/14/2011,20110214,2011,Q1-2011,8045,Q1,Feb-11,Feb-11,24134,February,Feb,2,Monday,Mon,2,1,280
2/15/2011,20110215,2011,Q1-2011,8045,Q1,Feb-11,Feb-11,24134,February,Feb,2,Tuesday,Tue,3,1,281
2/16/2011,20110216,2011,Q1-2011,8045,Q1,Feb-11,Feb-11,24134,February,Feb,2,Wednesday,Wed,4,1,282
2/17/2011,20110217,2011,Q1-2011,8045,Q1,Feb-11,Feb-11,24134,February,Feb,2,Thursday,Thu,5,1,283
2/18/2011,20110218,2011,Q1-2011,8045,Q1,Feb-11,Feb-11,24134,February,Feb,2,Friday,Fri,6,1,284
2/19/2011,20110219,2011,Q1-2011,8045,Q1,Feb-11,Feb-11,24134,February,Feb,2,Saturday,Sat,7,0,284
2/20/2011,20110220,2011,Q1-2011,8045,Q1,Feb-11,Feb-11,24134,February,Feb,2,Sunday,Sun,1,0,284
2/21/2011,20110221,2011,Q1-2011,8045,Q1,Feb-11,Feb-11,24134,February,Feb,2,Monday,Mon,2,0,284
2/22/2011,20110222,2011,Q1-2011,8045,Q1,Feb-11,Feb-11,24134,February,Feb,2,Tuesday,Tue,3,1,285
2/23/2011,20110223,2011,Q1-2011,8045,Q1,Feb-11,Feb-11,24134,February,Feb,2,Wednesday,Wed,4,1,286
2/24/2011,20110224,2011,Q1-2011,8045,Q1,Feb-11,Feb-11,24134,February,Feb,2,Thursday,Thu,5,1,287
2/25/2011,20110225,2011,Q1-2011,8045,Q1,Feb-11,Feb-11,24134,February,Feb,2,Friday,Fri,6,1,288
2/26/2011,20110226,2011,Q1-2011,8045,Q1,Feb-11,Feb-11,24134,February,Feb,2,Saturday,Sat,7,0,288
2/27/2011,20110227,2011,Q1-2011,8045,Q1,Feb-11,Feb-11,24134,February,Feb,2,Sunday,Sun,1,0,288
2/28/2011,20110228,2011,Q1-2011,8045,Q1,Feb-11,Feb-11,24134,February,Feb,2,Monday,Mon,2,1,289
3/1/2011,20110301,2011,Q1-2011,8045,Q1,Mar-11,Mar-11,24135,March,Mar,3,Tuesday,Tue,3,1,290
3/2/2011,20110302,2011,Q1-2011,8045,Q1,Mar-11,Mar-11,24135,March,Mar,3,Wednesday,Wed,4,1,291
3/3/2011,20110303,2011,Q1-2011,8045,Q1,Mar-11,Mar-11,24135,March,Mar,3,Thursday,Thu,5,1,292
3/4/2011,20110304,2011,Q1-2011,8045,Q1,Mar-11,Mar-11,24135,March,Mar,3,Friday,Fri,6,1,293
3/5/2011,20110305,2011,Q1-2011,8045,Q1,Mar-11,Mar-11,24135,March,Mar,3,Saturday,Sat,7,0,293
3/6/2011,20110306,2011,Q1-2011,8045,Q1,Mar-11,Mar-11,24135,March,Mar,3,Sunday,Sun,1,0,293
3/7/2011,20110307,2011,Q1-2011,8045,Q1,Mar-11,Mar-11,24135,March,Mar,3,Monday,Mon,2,1,294
3/8/2011,20110308,2011,Q1-2011,8045,Q1,Mar-11,Mar-11,24135,March,Mar,3,Tuesday,Tue,3,1,295
3/9/2011,20110309,2011,Q1-2011,8045,Q1,Mar-11,Mar-11,24135,March,Mar,3,Wednesday,Wed,4,1,296
3/10/2011,20110310,2011,Q1-2011,8045,Q1,Mar-11,Mar-11,24135,March,Mar,3,Thursday,Thu,5,1,297
3/11/2011,20110311,2011,Q1-2011,8045,Q1,Mar-11,Mar-11,24135,March,Mar,3,Friday,Fri,6,1,298
3/12/2011,20110312,2011,Q1-2011,8045,Q1,Mar-11,Mar-11,24135,March,Mar,3,Saturday,Sat,7,0,298
3/13/2011,20110313,2011,Q1-2011,8045,Q1,Mar-11,Mar-11,24135,March,Mar,3,Sunday,Sun,1,0,298
3/14/2011,20110314,2011,Q1-2011,8045,Q1,Mar-11,Mar-11,24135,March,Mar,3,Monday,Mon,2,1,299
3/15/2011,20110315,2011,Q1-2011,8045,Q1,Mar-11,Mar-11,24135,March,Mar,3,Tuesday,Tue,3,1,300
3/16/2011,20110316,2011,Q1-2011,8045,Q1,Mar-11,Mar-11,24135,March,Mar,3,Wednesday,Wed,4,1,301
3/17/2011,20110317,2011,Q1-2011,8045,Q1,Mar-11,Mar-11,24135,March,Mar,3,Thursday,Thu,5,1,302
3/18/2011,20110318,2011,Q1-2011,8045,Q1,Mar-11,Mar-11,24135,March,Mar,3,Friday,Fri,6,1,303
3/19/2011,20110319,2011,Q1-2011,8045,Q1,Mar-11,Mar-11,24135,March,Mar,3,Saturday,Sat,7,0,303
3/20/2011,20110320,2011,Q1-2011,8045,Q1,Mar-11,Mar-11,24135,March,Mar,3,Sunday,Sun,1,0,303
3/21/2011,20110321,2011,Q1-2011,8045,Q1,Mar-11,Mar-11,24135,March,Mar,3,Monday,Mon,2,1,304
3/22/2011,20110322,2011,Q1-2011,8045,Q1,Mar-11,Mar-11,24135,March,Mar,3,Tuesday,Tue,3,1,305
3/23/2011,20110323,2011,Q1-2011,8045,Q1,Mar-11,Mar-11,24135,March,Mar,3,Wednesday,Wed,4,1,306
3/24/2011,20110324,2011,Q1-2011,8045,Q1,Mar-11,Mar-11,24135,March,Mar,3,Thursday,Thu,5,1,307
3/25/2011,20110325,2011,Q1-2011,8045,Q1,Mar-11,Mar-11,24135,March,Mar,3,Friday,Fri,6,1,308
3/26/2011,20110326,2011,Q1-2011,8045,Q1,Mar-11,Mar-11,24135,March,Mar,3,Saturday,Sat,7,0,308
3/27/2011,20110327,2011,Q1-2011,8045,Q1,Mar-11,Mar-11,24135,March,Mar,3,Sunday,Sun,1,0,308
3/28/2011,20110328,2011,Q1-2011,8045,Q1,Mar-11,Mar-11,24135,March,Mar,3,Monday,Mon,2,1,309
3/29/2011,20110329,2011,Q1-2011,8045,Q1,Mar-11,Mar-11,24135,March,Mar,3,Tuesday,Tue,3,1,310
3/30/2011,20110330,2011,Q1-2011,8045,Q1,Mar-11,Mar-11,24135,March,Mar,3,Wednesday,Wed,4,1,311
3/31/2011,20110331,2011,Q1-2011,8045,Q1,Mar-11,Mar-11,24135,March,Mar,3,Thursday,Thu,5,1,312
4/1/2011,20110401,2011,Q2-2011,8046,Q2,Apr-11,Apr-11,24136,April,Apr,4,Friday,Fri,6,1,313
4/2/2011,20110402,2011,Q2-2011,8046,Q2,Apr-11,Apr-11,24136,April,Apr,4,Saturday,Sat,7,0,313
4/3/2011,20110403,2011,Q2-2011,8046,Q2,Apr-11,Apr-11,24136,April,Apr,4,Sunday,Sun,1,0,313
4/4/2011,20110404,2011,Q2-2011,8046,Q2,Apr-11,Apr-11,24136,April,Apr,4,Monday,Mon,2,1,314
4/5/2011,20110405,2011,Q2-2011,8046,Q2,Apr-11,Apr-11,24136,April,Apr,4,Tuesday,Tue,3,1,315
4/6/2011,20110406,2011,Q2-2011,8046,Q2,Apr-11,Apr-11,24136,April,Apr,4,Wednesday,Wed,4,1,316
4/7/2011,20110407,2011,Q2-2011,8046,Q2,Apr-11,Apr-11,24136,April,Apr,4,Thursday,Thu,5,1,317
4/8/2011,20110408,2011,Q2-2011,8046,Q2,Apr-11,Apr-11,24136,April,Apr,4,Friday,Fri,6,1,318
4/9/2011,20110409,2011,Q2-2011,8046,Q2,Apr-11,Apr-11,24136,April,Apr,4,Saturday,Sat,7,0,318
4/10/2011,20110410,2011,Q2-2011,8046,Q2,Apr-11,Apr-11,24136,April,Apr,4,Sunday,Sun,1,0,318
4/11/2011,20110411,2011,Q2-2011,8046,Q2,Apr-11,Apr-11,24136,April,Apr,4,Monday,Mon,2,1,319
4/12/2011,20110412,2011,Q2-2011,8046,Q2,Apr-11,Apr-11,24136,April,Apr,4,Tuesday,Tue,3,1,320
4/13/2011,20110413,2011,Q2-2011,8046,Q2,Apr-11,Apr-11,24136,April,Apr,4,Wednesday,Wed,4,1,321
4/14/2011,20110414,2011,Q2-2011,8046,Q2,Apr-11,Apr-11,24136,April,Apr,4,Thursday,Thu,5,1,322
4/15/2011,20110415,2011,Q2-2011,8046,Q2,Apr-11,Apr-11,24136,April,Apr,4,Friday,Fri,6,1,323
4/16/2011,20110416,2011,Q2-2011,8046,Q2,Apr-11,Apr-11,24136,April,Apr,4,Saturday,Sat,7,0,323
4/17/2011,20110417,2011,Q2-2011,8046,Q2,Apr-11,Apr-11,24136,April,Apr,4,Sunday,Sun,1,0,323
4/18/2011,20110418,2011,Q2-2011,8046,Q2,Apr-11,Apr-11,24136,April,Apr,4,Monday,Mon,2,1,324
4/19/2011,20110419,2011,Q2-2011,8046,Q2,Apr-11,Apr-11,24136,April,Apr,4,Tuesday,Tue,3,1,325
4/20/2011,20110420,2011,Q2-2011,8046,Q2,Apr-11,Apr-11,24136,April,Apr,4,Wednesday,Wed,4,1,326
4/21/2011,20110421,2011,Q2-2011,8046,Q2,Apr-11,Apr-11,24136,April,Apr,4,Thursday,Thu,5,1,327
4/22/2011,20110422,2011,Q2-2011,8046,Q2,Apr-11,Apr-11,24136,April,Apr,4,Friday,Fri,6,1,328
4/23/2011,20110423,2011,Q2-2011,8046,Q2,Apr-11,Apr-11,24136,April,Apr,4,Saturday,Sat,7,0,328
4/24/2011,20110424,2011,Q2-2011,8046,Q2,Apr-11,Apr-11,24136,April,Apr,4,Sunday,Sun,1,0,328
4/25/2011,20110425,2011,Q2-2011,8046,Q2,Apr-11,Apr-11,24136,April,Apr,4,Monday,Mon,2,1,329
4/26/2011,20110426,2011,Q2-2011,8046,Q2,Apr-11,Apr-11,24136,April,Apr,4,Tuesday,Tue,3,1,330
4/27/2011,20110427,2011,Q2-2011,8046,Q2,Apr-11,Apr-11,24136,April,Apr,4,Wednesday,Wed,4,1,331
4/28/2011,20110428,2011,Q2-2011,8046,Q2,Apr-11,Apr-11,24136,April,Apr,4,Thursday,Thu,5,1,332
4/29/2011,20110429,2011,Q2-2011,8046,Q2,Apr-11,Apr-11,24136,April,Apr,4,Friday,Fri,6,1,333
4/30/2011,20110430,2011,Q2-2011,8046,Q2,Apr-11,Apr-11,24136,April,Apr,4,Saturday,Sat,7,0,333
5/1/2011,20110501,2011,Q2-2011,8046,Q2,May-11,May-11,24137,May,May,5,Sunday,Sun,1,0,333
5/2/2011,20110502,2011,Q2-2011,8046,Q2,May-11,May-11,24137,May,May,5,Monday,Mon,2,1,334
5/3/2011,20110503,2011,Q2-2011,8046,Q2,May-11,May-11,24137,May,May,5,Tuesday,Tue,3,1,335
5/4/2011,20110504,2011,Q2-2011,8046,Q2,May-11,May-11,24137,May,May,5,Wednesday,Wed,4,1,336
5/5/2011,20110505,2011,Q2-2011,8046,Q2,May-11,May-11,24137,May,May,5,Thursday,Thu,5,1,337
5/6/2011,20110506,2011,Q2-2011,8046,Q2,May-11,May-11,24137,May,May,5,Friday,Fri,6,1,338
5/7/2011,20110507,2011,Q2-2011,8046,Q2,May-11,May-11,24137,May,May,5,Saturday,Sat,7,0,338
5/8/2011,20110508,2011,Q2-2011,8046,Q2,May-11,May-11,24137,May,May,5,Sunday,Sun,1,0,338
5/9/2011,20110509,2011,Q2-2011,8046,Q2,May-11,May-11,24137,May,May,5,Monday,Mon,2,1,339
5/10/2011,20110510,2011,Q2-2011,8046,Q2,May-11,May-11,24137,May,May,5,Tuesday,Tue,3,1,340
5/11/2011,20110511,2011,Q2-2011,8046,Q2,May-11,May-11,24137,May,May,5,Wednesday,Wed,4,1,341
5/12/2011,20110512,2011,Q2-2011,8046,Q2,May-11,May-11,24137,May,May,5,Thursday,Thu,5,1,342
5/13/2011,20110513,2011,Q2-2011,8046,Q2,May-11,May-11,24137,May,May,5,Friday,Fri,6,1,343
5/14/2011,20110514,2011,Q2-2011,8046,Q2,May-11,May-11,24137,May,May,5,Saturday,Sat,7,0,343
5/15/2011,20110515,2011,Q2-2011,8046,Q2,May-11,May-11,24137,May,May,5,Sunday,Sun,1,0,343
5/16/2011,20110516,2011,Q2-2011,8046,Q2,May-11,May-11,24137,May,May,5,Monday,Mon,2,1,344
5/17/2011,20110517,2011,Q2-2011,8046,Q2,May-11,May-11,24137,May,May,5,Tuesday,Tue,3,1,345
5/18/2011,20110518,2011,Q2-2011,8046,Q2,May-11,May-11,24137,May,May,5,Wednesday,Wed,4,1,346
5/19/2011,20110519,2011,Q2-2011,8046,Q2,May-11,May-11,24137,May,May,5,Thursday,Thu,5,1,347
5/20/2011,20110520,2011,Q2-2011,8046,Q2,May-11,May-11,24137,May,May,5,Friday,Fri,6,1,348
5/21/2011,20110521,2011,Q2-2011,8046,Q2,May-11,May-11,24137,May,May,5,Saturday,Sat,7,0,348
5/22/2011,20110522,2011,Q2-2011,8046,Q2,May-11,May-11,24137,May,May,5,Sunday,Sun,1,0,348
5/23/2011,20110523,2011,Q2-2011,8046,Q2,May-11,May-11,24137,May,May,5,Monday,Mon,2,1,349
5/24/2011,20110524,2011,Q2-2011,8046,Q2,May-11,May-11,24137,May,May,5,Tuesday,Tue,3,1,350
5/25/2011,20110525,2011,Q2-2011,8046,Q2,May-11,May-11,24137,May,May,5,Wednesday,Wed,4,1,351
5/26/2011,20110526,2011,Q2-2011,8046,Q2,May-11,May-11,24137,May,May,5,Thursday,Thu,5,1,352
5/27/2011,20110527,2011,Q2-2011,8046,Q2,May-11,May-11,24137,May,May,5,Friday,Fri,6,1,353
5/28/2011,20110528,2011,Q2-2011,8046,Q2,May-11,May-11,24137,May,May,5,Saturday,Sat,7,0,353
5/29/2011,20110529,2011,Q2-2011,8046,Q2,May-11,May-11,24137,May,May,5,Sunday,Sun,1,0,353
5/30/2011,20110530,2011,Q2-2011,8046,Q2,May-11,May-11,24137,May,May,5,Monday,Mon,2,0,353
5/31/2011,20110531,2011,Q2-2011,8046,Q2,May-11,May-11,24137,May,May,5,Tuesday,Tue,3,1,354
6/1/2011,20110601,2011,Q2-2011,8046,Q2,Jun-11,Jun-11,24138,June,Jun,6,Wednesday,Wed,4,1,355
6/2/2011,20110602,2011,Q2-2011,8046,Q2,Jun-11,Jun-11,24138,June,Jun,6,Thursday,Thu,5,1,356
6/3/2011,20110603,2011,Q2-2011,8046,Q2,Jun-11,Jun-11,24138,June,Jun,6,Friday,Fri,6,1,357
6/4/2011,20110604,2011,Q2-2011,8046,Q2,Jun-11,Jun-11,24138,June,Jun,6,Saturday,Sat,7,0,357
6/5/2011,20110605,2011,Q2-2011,8046,Q2,Jun-11,Jun-11,24138,June,Jun,6,Sunday,Sun,1,0,357
6/6/2011,20110606,2011,Q2-2011,8046,Q2,Jun-11,Jun-11,24138,June,Jun,6,Monday,Mon,2,1,358
6/7/2011,20110607,2011,Q2-2011,8046,Q2,Jun-11,Jun-11,24138,June,Jun,6,Tuesday,Tue,3,1,359
6/8/2011,20110608,2011,Q2-2011,8046,Q2,Jun-11,Jun-11,24138,June,Jun,6,Wednesday,Wed,4,1,360
6/9/2011,20110609,2011,Q2-2011,8046,Q2,Jun-11,Jun-11,24138,June,Jun,6,Thursday,Thu,5,1,361
6/10/2011,20110610,2011,Q2-2011,8046,Q2,Jun-11,Jun-11,24138,June,Jun,6,Friday,Fri,6,1,362
6/11/2011,20110611,2011,Q2-2011,8046,Q2,Jun-11,Jun-11,24138,June,Jun,6,Saturday,Sat,7,0,362
6/12/2011,20110612,2011,Q2-2011,8046,Q2,Jun-11,Jun-11,24138,June,Jun,6,Sunday,Sun,1,0,362
6/13/2011,20110613,2011,Q2-2011,8046,Q2,Jun-11,Jun-11,24138,June,Jun,6,Monday,Mon,2,1,363
6/14/2011,20110614,2011,Q2-2011,8046,Q2,Jun-11,Jun-11,24138,June,Jun,6,Tuesday,Tue,3,1,364
6/15/2011,20110615,2011,Q2-2011,8046,Q2,Jun-11,Jun-11,24138,June,Jun,6,Wednesday,Wed,4,1,365
6/16/2011,20110616,2011,Q2-2011,8046,Q2,Jun-11,Jun-11,24138,June,Jun,6,Thursday,Thu,5,1,366
6/17/2011,20110617,2011,Q2-2011,8046,Q2,Jun-11,Jun-11,24138,June,Jun,6,Friday,Fri,6,1,367
6/18/2011,20110618,2011,Q2-2011,8046,Q2,Jun-11,Jun-11,24138,June,Jun,6,Saturday,Sat,7,0,367
6/19/2011,20110619,2011,Q2-2011,8046,Q2,Jun-11,Jun-11,24138,June,Jun,6,Sunday,Sun,1,0,367
6/20/2011,20110620,2011,Q2-2011,8046,Q2,Jun-11,Jun-11,24138,June,Jun,6,Monday,Mon,2,1,368
6/21/2011,20110621,2011,Q2-2011,8046,Q2,Jun-11,Jun-11,24138,June,Jun,6,Tuesday,Tue,3,1,369
6/22/2011,20110622,2011,Q2-2011,8046,Q2,Jun-11,Jun-11,24138,June,Jun,6,Wednesday,Wed,4,1,370
6/23/2011,20110623,2011,Q2-2011,8046,Q2,Jun-11,Jun-11,24138,June,Jun,6,Thursday,Thu,5,1,371
6/24/2011,20110624,2011,Q2-2011,8046,Q2,Jun-11,Jun-11,24138,June,Jun,6,Friday,Fri,6,1,372
6/25/2011,20110625,2011,Q2-2011,8046,Q2,Jun-11,Jun-11,24138,June,Jun,6,Saturday,Sat,7,0,372
6/26/2011,20110626,2011,Q2-2011,8046,Q2,Jun-11,Jun-11,24138,June,Jun,6,Sunday,Sun,1,0,372
6/27/2011,20110627,2011,Q2-2011,8046,Q2,Jun-11,Jun-11,24138,June,Jun,6,Monday,Mon,2,1,373
6/28/2011,20110628,2011,Q2-2011,8046,Q2,Jun-11,Jun-11,24138,June,Jun,6,Tuesday,Tue,3,1,374
6/29/2011,20110629,2011,Q2-2011,8046,Q2,Jun-11,Jun-11,24138,June,Jun,6,Wednesday,Wed,4,1,375
6/30/2011,20110630,2011,Q2-2011,8046,Q2,Jun-11,Jun-11,24138,June,Jun,6,Thursday,Thu,5,1,376
7/1/2011,20110701,2011,Q3-2011,8047,Q3,Jul-11,Jul-11,24139,July,Jul,7,Friday,Fri,6,1,377
7/2/2011,20110702,2011,Q3-2011,8047,Q3,Jul-11,Jul-11,24139,July,Jul,7,Saturday,Sat,7,0,377
7/3/2011,20110703,2011,Q3-2011,8047,Q3,Jul-11,Jul-11,24139,July,Jul,7,Sunday,Sun,1,0,377
7/4/2011,20110704,2011,Q3-2011,8047,Q3,Jul-11,Jul-11,24139,July,Jul,7,Monday,Mon,2,0,377
7/5/2011,20110705,2011,Q3-2011,8047,Q3,Jul-11,Jul-11,24139,July,Jul,7,Tuesday,Tue,3,1,378
7/6/2011,20110706,2011,Q3-2011,8047,Q3,Jul-11,Jul-11,24139,July,Jul,7,Wednesday,Wed,4,1,379
7/7/2011,20110707,2011,Q3-2011,8047,Q3,Jul-11,Jul-11,24139,July,Jul,7,Thursday,Thu,5,1,380
7/8/2011,20110708,2011,Q3-2011,8047,Q3,Jul-11,Jul-11,24139,July,Jul,7,Friday,Fri,6,1,381
7/9/2011,20110709,2011,Q3-2011,8047,Q3,Jul-11,Jul-11,24139,July,Jul,7,Saturday,Sat,7,0,381
7/10/2011,20110710,2011,Q3-2011,8047,Q3,Jul-11,Jul-11,24139,July,Jul,7,Sunday,Sun,1,0,381
7/11/2011,20110711,2011,Q3-2011,8047,Q3,Jul-11,Jul-11,24139,July,Jul,7,Monday,Mon,2,1,382
7/12/2011,20110712,2011,Q3-2011,8047,Q3,Jul-11,Jul-11,24139,July,Jul,7,Tuesday,Tue,3,1,383
7/13/2011,20110713,2011,Q3-2011,8047,Q3,Jul-11,Jul-11,24139,July,Jul,7,Wednesday,Wed,4,1,384
7/14/2011,20110714,2011,Q3-2011,8047,Q3,Jul-11,Jul-11,24139,July,Jul,7,Thursday,Thu,5,1,385
7/15/2011,20110715,2011,Q3-2011,8047,Q3,Jul-11,Jul-11,24139,July,Jul,7,Friday,Fri,6,1,386
7/16/2011,20110716,2011,Q3-2011,8047,Q3,Jul-11,Jul-11,24139,July,Jul,7,Saturday,Sat,7,0,386
7/17/2011,20110717,2011,Q3-2011,8047,Q3,Jul-11,Jul-11,24139,July,Jul,7,Sunday,Sun,1,0,386
7/18/2011,20110718,2011,Q3-2011,8047,Q3,Jul-11,Jul-11,24139,July,Jul,7,Monday,Mon,2,1,387
7/19/2011,20110719,2011,Q3-2011,8047,Q3,Jul-11,Jul-11,24139,July,Jul,7,Tuesday,Tue,3,1,388
7/20/2011,20110720,2011,Q3-2011,8047,Q3,Jul-11,Jul-11,24139,July,Jul,7,Wednesday,Wed,4,1,389
7/21/2011,20110721,2011,Q3-2011,8047,Q3,Jul-11,Jul-11,24139,July,Jul,7,Thursday,Thu,5,1,390
7/22/2011,20110722,2011,Q3-2011,8047,Q3,Jul-11,Jul-11,24139,July,Jul,7,Friday,Fri,6,1,391
7/23/2011,20110723,2011,Q3-2011,8047,Q3,Jul-11,Jul-11,24139,July,Jul,7,Saturday,Sat,7,0,391
7/24/2011,20110724,2011,Q3-2011,8047,Q3,Jul-11,Jul-11,24139,July,Jul,7,Sunday,Sun,1,0,391
7/25/2011,20110725,2011,Q3-2011,8047,Q3,Jul-11,Jul-11,24139,July,Jul,7,Monday,Mon,2,1,392
7/26/2011,20110726,2011,Q3-2011,8047,Q3,Jul-11,Jul-11,24139,July,Jul,7,Tuesday,Tue,3,1,393
7/27/2011,20110727,2011,Q3-2011,8047,Q3,Jul-11,Jul-11,24139,July,Jul,7,Wednesday,Wed,4,1,394
7/28/2011,20110728,2011,Q3-2011,8047,Q3,Jul-11,Jul-11,24139,July,Jul,7,Thursday,Thu,5,1,395
7/29/2011,20110729,2011,Q3-2011,8047,Q3,Jul-11,Jul-11,24139,July,Jul,7,Friday,Fri,6,1,396
7/30/2011,20110730,2011,Q3-2011,8047,Q3,Jul-11,Jul-11,24139,July,Jul,7,Saturday,Sat,7,0,396
7/31/2011,20110731,2011,Q3-2011,8047,Q3,Jul-11,Jul-11,24139,July,Jul,7,Sunday,Sun,1,0,396
8/1/2011,20110801,2011,Q3-2011,8047,Q3,Aug-11,Aug-11,24140,August,Aug,8,Monday,Mon,2,1,397
8/2/2011,20110802,2011,Q3-2011,8047,Q3,Aug-11,Aug-11,24140,August,Aug,8,Tuesday,Tue,3,1,398
8/3/2011,20110803,2011,Q3-2011,8047,Q3,Aug-11,Aug-11,24140,August,Aug,8,Wednesday,Wed,4,1,399
8/4/2011,20110804,2011,Q3-2011,8047,Q3,Aug-11,Aug-11,24140,August,Aug,8,Thursday,Thu,5,1,400
8/5/2011,20110805,2011,Q3-2011,8047,Q3,Aug-11,Aug-11,24140,August,Aug,8,Friday,Fri,6,1,401
8/6/2011,20110806,2011,Q3-2011,8047,Q3,Aug-11,Aug-11,24140,August,Aug,8,Saturday,Sat,7,0,401
8/7/2011,20110807,2011,Q3-2011,8047,Q3,Aug-11,Aug-11,24140,August,Aug,8,Sunday,Sun,1,0,401
8/8/2011,20110808,2011,Q3-2011,8047,Q3,Aug-11,Aug-11,24140,August,Aug,8,Monday,Mon,2,1,402
8/9/2011,20110809,2011,Q3-2011,8047,Q3,Aug-11,Aug-11,24140,August,Aug,8,Tuesday,Tue,3,1,403
8/10/2011,20110810,2011,Q3-2011,8047,Q3,Aug-11,Aug-11,24140,August,Aug,8,Wednesday,Wed,4,1,404
8/11/2011,20110811,2011,Q3-2011,8047,Q3,Aug-11,Aug-11,24140,August,Aug,8,Thursday,Thu,5,1,405
8/12/2011,20110812,2011,Q3-2011,8047,Q3,Aug-11,Aug-11,24140,August,Aug,8,Friday,Fri,6,1,406
8/13/2011,20110813,2011,Q3-2011,8047,Q3,Aug-11,Aug-11,24140,August,Aug,8,Saturday,Sat,7,0,406
8/14/2011,20110814,2011,Q3-2011,8047,Q3,Aug-11,Aug-11,24140,August,Aug,8,Sunday,Sun,1,0,406
8/15/2011,20110815,2011,Q3-2011,8047,Q3,Aug-11,Aug-11,24140,August,Aug,8,Monday,Mon,2,1,407
8/16/2011,20110816,2011,Q3-2011,8047,Q3,Aug-11,Aug-11,24140,August,Aug,8,Tuesday,Tue,3,1,408
8/17/2011,20110817,2011,Q3-2011,8047,Q3,Aug-11,Aug-11,24140,August,Aug,8,Wednesday,Wed,4,1,409
8/18/2011,20110818,2011,Q3-2011,8047,Q3,Aug-11,Aug-11,24140,August,Aug,8,Thursday,Thu,5,1,410
8/19/2011,20110819,2011,Q3-2011,8047,Q3,Aug-11,Aug-11,24140,August,Aug,8,Friday,Fri,6,1,411
8/20/2011,20110820,2011,Q3-2011,8047,Q3,Aug-11,Aug-11,24140,August,Aug,8,Saturday,Sat,7,0,411
8/21/2011,20110821,2011,Q3-2011,8047,Q3,Aug-11,Aug-11,24140,August,Aug,8,Sunday,Sun,1,0,411
8/22/2011,20110822,2011,Q3-2011,8047,Q3,Aug-11,Aug-11,24140,August,Aug,8,Monday,Mon,2,1,412
8/23/2011,20110823,2011,Q3-2011,8047,Q3,Aug-11,Aug-11,24140,August,Aug,8,Tuesday,Tue,3,1,413
8/24/2011,20110824,2011,Q3-2011,8047,Q3,Aug-11,Aug-11,24140,August,Aug,8,Wednesday,Wed,4,1,414
8/25/2011,20110825,2011,Q3-2011,8047,Q3,Aug-11,Aug-11,24140,August,Aug,8,Thursday,Thu,5,1,415
8/26/2011,20110826,2011,Q3-2011,8047,Q3,Aug-11,Aug-11,24140,August,Aug,8,Friday,Fri,6,1,416
8/27/2011,20110827,2011,Q3-2011,8047,Q3,Aug-11,Aug-11,24140,August,Aug,8,Saturday,Sat,7,0,416
8/28/2011,20110828,2011,Q3-2011,8047,Q3,Aug-11,Aug-11,24140,August,Aug,8,Sunday,Sun,1,0,416
8/29/2011,20110829,2011,Q3-2011,8047,Q3,Aug-11,Aug-11,24140,August,Aug,8,Monday,Mon,2,1,417
8/30/2011,20110830,2011,Q3-2011,8047,Q3,Aug-11,Aug-11,24140,August,Aug,8,Tuesday,Tue,3,1,418
8/31/2011,20110831,2011,Q3-2011,8047,Q3,Aug-11,Aug-11,24140,August,Aug,8,Wednesday,Wed,4,1,419
9/1/2011,20110901,2011,Q3-2011,8047,Q3,Sep-11,Sep-11,24141,September,Sep,9,Thursday,Thu,5,1,420
9/2/2011,20110902,2011,Q3-2011,8047,Q3,Sep-11,Sep-11,24141,September,Sep,9,Friday,Fri,6,1,421
9/3/2011,20110903,2011,Q3-2011,8047,Q3,Sep-11,Sep-11,24141,September,Sep,9,Saturday,Sat,7,0,421
9/4/2011,20110904,2011,Q3-2011,8047,Q3,Sep-11,Sep-11,24141,September,Sep,9,Sunday,Sun,1,0,421
9/5/2011,20110905,2011,Q3-2011,8047,Q3,Sep-11,Sep-11,24141,September,Sep,9,Monday,Mon,2,0,421
9/6/2011,20110906,2011,Q3-2011,8047,Q3,Sep-11,Sep-11,24141,September,Sep,9,Tuesday,Tue,3,1,422
9/7/2011,20110907,2011,Q3-2011,8047,Q3,Sep-11,Sep-11,24141,September,Sep,9,Wednesday,Wed,4,1,423
9/8/2011,20110908,2011,Q3-2011,8047,Q3,Sep-11,Sep-11,24141,September,Sep,9,Thursday,Thu,5,1,424
9/9/2011,20110909,2011,Q3-2011,8047,Q3,Sep-11,Sep-11,24141,September,Sep,9,Friday,Fri,6,1,425
9/10/2011,20110910,2011,Q3-2011,8047,Q3,Sep-11,Sep-11,24141,September,Sep,9,Saturday,Sat,7,0,425
9/11/2011,20110911,2011,Q3-2011,8047,Q3,Sep-11,Sep-11,24141,September,Sep,9,Sunday,Sun,1,0,425
9/12/2011,20110912,2011,Q3-2011,8047,Q3,Sep-11,Sep-11,24141,September,Sep,9,Monday,Mon,2,1,426
9/13/2011,20110913,2011,Q3-2011,8047,Q3,Sep-11,Sep-11,24141,September,Sep,9,Tuesday,Tue,3,1,427
9/14/2011,20110914,2011,Q3-2011,8047,Q3,Sep-11,Sep-11,24141,September,Sep,9,Wednesday,Wed,4,1,428
9/15/2011,20110915,2011,Q3-2011,8047,Q3,Sep-11,Sep-11,24141,September,Sep,9,Thursday,Thu,5,1,429
9/16/2011,20110916,2011,Q3-2011,8047,Q3,Sep-11,Sep-11,24141,September,Sep,9,Friday,Fri,6,1,430
9/17/2011,20110917,2011,Q3-2011,8047,Q3,Sep-11,Sep-11,24141,September,Sep,9,Saturday,Sat,7,0,430
9/18/2011,20110918,2011,Q3-2011,8047,Q3,Sep-11,Sep-11,24141,September,Sep,9,Sunday,Sun,1,0,430
9/19/2011,20110919,2011,Q3-2011,8047,Q3,Sep-11,Sep-11,24141,September,Sep,9,Monday,Mon,2,1,431
9/20/2011,20110920,2011,Q3-2011,8047,Q3,Sep-11,Sep-11,24141,September,Sep,9,Tuesday,Tue,3,1,432
9/21/2011,20110921,2011,Q3-2011,8047,Q3,Sep-11,Sep-11,24141,September,Sep,9,Wednesday,Wed,4,1,433
9/22/2011,20110922,2011,Q3-2011,8047,Q3,Sep-11,Sep-11,24141,September,Sep,9,Thursday,Thu,5,1,434
9/23/2011,20110923,2011,Q3-2011,8047,Q3,Sep-11,Sep-11,24141,September,Sep,9,Friday,Fri,6,1,435
9/24/2011,20110924,2011,Q3-2011,8047,Q3,Sep-11,Sep-11,24141,September,Sep,9,Saturday,Sat,7,0,435
9/25/2011,20110925,2011,Q3-2011,8047,Q3,Sep-11,Sep-11,24141,September,Sep,9,Sunday,Sun,1,0,435
9/26/2011,20110926,2011,Q3-2011,8047,Q3,Sep-11,Sep-11,24141,September,Sep,9,Monday,Mon,2,1,436
9/27/2011,20110927,2011,Q3-2011,8047,Q3,Sep-11,Sep-11,24141,September,Sep,9,Tuesday,Tue,3,1,437
9/28/2011,20110928,2011,Q3-2011,8047,Q3,Sep-11,Sep-11,24141,September,Sep,9,Wednesday,Wed,4,1,438
9/29/2011,20110929,2011,Q3-2011,8047,Q3,Sep-11,Sep-11,24141,September,Sep,9,Thursday,Thu,5,1,439
9/30/2011,20110930,2011,Q3-2011,8047,Q3,Sep-11,Sep-11,24141,September,Sep,9,Friday,Fri,6,1,440
10/1/2011,20111001,2011,Q4-2011,8048,Q4,Oct-11,Oct-11,24142,October,Oct,10,Saturday,Sat,7,0,440
10/2/2011,20111002,2011,Q4-2011,8048,Q4,Oct-11,Oct-11,24142,October,Oct,10,Sunday,Sun,1,0,440
10/3/2011,20111003,2011,Q4-2011,8048,Q4,Oct-11,Oct-11,24142,October,Oct,10,Monday,Mon,2,1,441
10/4/2011,20111004,2011,Q4-2011,8048,Q4,Oct-11,Oct-11,24142,October,Oct,10,Tuesday,Tue,3,1,442
10/5/2011,20111005,2011,Q4-2011,8048,Q4,Oct-11,Oct-11,24142,October,Oct,10,Wednesday,Wed,4,1,443
10/6/2011,20111006,2011,Q4-2011,8048,Q4,Oct-11,Oct-11,24142,October,Oct,10,Thursday,Thu,5,1,444
10/7/2011,20111007,2011,Q4-2011,8048,Q4,Oct-11,Oct-11,24142,October,Oct,10,Friday,Fri,6,1,445
10/8/2011,20111008,2011,Q4-2011,8048,Q4,Oct-11,Oct-11,24142,October,Oct,10,Saturday,Sat,7,0,445
10/9/2011,20111009,2011,Q4-2011,8048,Q4,Oct-11,Oct-11,24142,October,Oct,10,Sunday,Sun,1,0,445
10/10/2011,20111010,2011,Q4-2011,8048,Q4,Oct-11,Oct-11,24142,October,Oct,10,Monday,Mon,2,0,445
10/11/2011,20111011,2011,Q4-2011,8048,Q4,Oct-11,Oct-11,24142,October,Oct,10,Tuesday,Tue,3,1,446
10/12/2011,20111012,2011,Q4-2011,8048,Q4,Oct-11,Oct-11,24142,October,Oct,10,Wednesday,Wed,4,1,447
10/13/2011,20111013,2011,Q4-2011,8048,Q4,Oct-11,Oct-11,24142,October,Oct,10,Thursday,Thu,5,1,448
10/14/2011,20111014,2011,Q4-2011,8048,Q4,Oct-11,Oct-11,24142,October,Oct,10,Friday,Fri,6,1,449
10/15/2011,20111015,2011,Q4-2011,8048,Q4,Oct-11,Oct-11,24142,October,Oct,10,Saturday,Sat,7,0,449
10/16/2011,20111016,2011,Q4-2011,8048,Q4,Oct-11,Oct-11,24142,October,Oct,10,Sunday,Sun,1,0,449
10/17/2011,20111017,2011,Q4-2011,8048,Q4,Oct-11,Oct-11,24142,October,Oct,10,Monday,Mon,2,1,450
10/18/2011,20111018,2011,Q4-2011,8048,Q4,Oct-11,Oct-11,24142,October,Oct,10,Tuesday,Tue,3,1,451
10/19/2011,20111019,2011,Q4-2011,8048,Q4,Oct-11,Oct-11,24142,October,Oct,10,Wednesday,Wed,4,1,452
10/20/2011,20111020,2011,Q4-2011,8048,Q4,Oct-11,Oct-11,24142,October,Oct,10,Thursday,Thu,5,1,453
10/21/2011,20111021,2011,Q4-2011,8048,Q4,Oct-11,Oct-11,24142,October,Oct,10,Friday,Fri,6,1,454
10/22/2011,20111022,2011,Q4-2011,8048,Q4,Oct-11,Oct-11,24142,October,Oct,10,Saturday,Sat,7,0,454
10/23/2011,20111023,2011,Q4-2011,8048,Q4,Oct-11,Oct-11,24142,October,Oct,10,Sunday,Sun,1,0,454
10/24/2011,20111024,2011,Q4-2011,8048,Q4,Oct-11,Oct-11,24142,October,Oct,10,Monday,Mon,2,1,455
10/25/2011,20111025,2011,Q4-2011,8048,Q4,Oct-11,Oct-11,24142,October,Oct,10,Tuesday,Tue,3,1,456
10/26/2011,20111026,2011,Q4-2011,8048,Q4,Oct-11,Oct-11,24142,October,Oct,10,Wednesday,Wed,4,1,457
10/27/2011,20111027,2011,Q4-2011,8048,Q4,Oct-11,Oct-11,24142,October,Oct,10,Thursday,Thu,5,1,458
10/28/2011,20111028,2011,Q4-2011,8048,Q4,Oct-11,Oct-11,24142,October,Oct,10,Friday,Fri,6,1,459
10/29/2011,20111029,2011,Q4-2011,8048,Q4,Oct-11,Oct-11,24142,October,Oct,10,Saturday,Sat,7,0,459
10/30/2011,20111030,2011,Q4-2011,8048,Q4,Oct-11,Oct-11,24142,October,Oct,10,Sunday,Sun,1,0,459
10/31/2011,20111031,2011,Q4-2011,8048,Q4,Oct-11,Oct-11,24142,October,Oct,10,Monday,Mon,2,1,460
11/1/2011,20111101,2011,Q4-2011,8048,Q4,Nov-11,Nov-11,24143,November,Nov,11,Tuesday,Tue,3,1,461
11/2/2011,20111102,2011,Q4-2011,8048,Q4,Nov-11,Nov-11,24143,November,Nov,11,Wednesday,Wed,4,1,462
11/3/2011,20111103,2011,Q4-2011,8048,Q4,Nov-11,Nov-11,24143,November,Nov,11,Thursday,Thu,5,1,463
11/4/2011,20111104,2011,Q4-2011,8048,Q4,Nov-11,Nov-11,24143,November,Nov,11,Friday,Fri,6,1,464
11/5/2011,20111105,2011,Q4-2011,8048,Q4,Nov-11,Nov-11,24143,November,Nov,11,Saturday,Sat,7,0,464
11/6/2011,20111106,2011,Q4-2011,8048,Q4,Nov-11,Nov-11,24143,November,Nov,11,Sunday,Sun,1,0,464
11/7/2011,20111107,2011,Q4-2011,8048,Q4,Nov-11,Nov-11,24143,November,Nov,11,Monday,Mon,2,1,465
11/8/2011,20111108,2011,Q4-2011,8048,Q4,Nov-11,Nov-11,24143,November,Nov,11,Tuesday,Tue,3,1,466
11/9/2011,20111109,2011,Q4-2011,8048,Q4,Nov-11,Nov-11,24143,November,Nov,11,Wednesday,Wed,4,1,467
11/10/2011,20111110,2011,Q4-2011,8048,Q4,Nov-11,Nov-11,24143,November,Nov,11,Thursday,Thu,5,1,468
11/11/2011,20111111,2011,Q4-2011,8048,Q4,Nov-11,Nov-11,24143,November,Nov,11,Friday,Fri,6,0,468
11/12/2011,20111112,2011,Q4-2011,8048,Q4,Nov-11,Nov-11,24143,November,Nov,11,Saturday,Sat,7,0,468
11/13/2011,20111113,2011,Q4-2011,8048,Q4,Nov-11,Nov-11,24143,November,Nov,11,Sunday,Sun,1,0,468
11/14/2011,20111114,2011,Q4-2011,8048,Q4,Nov-11,Nov-11,24143,November,Nov,11,Monday,Mon,2,1,469
11/15/2011,20111115,2011,Q4-2011,8048,Q4,Nov-11,Nov-11,24143,November,Nov,11,Tuesday,Tue,3,1,470
11/16/2011,20111116,2011,Q4-2011,8048,Q4,Nov-11,Nov-11,24143,November,Nov,11,Wednesday,Wed,4,1,471
11/17/2011,20111117,2011,Q4-2011,8048,Q4,Nov-11,Nov-11,24143,November,Nov,11,Thursday,Thu,5,1,472
11/18/2011,20111118,2011,Q4-2011,8048,Q4,Nov-11,Nov-11,24143,November,Nov,11,Friday,Fri,6,1,473
11/19/2011,20111119,2011,Q4-2011,8048,Q4,Nov-11,Nov-11,24143,November,Nov,11,Saturday,Sat,7,0,473
11/20/2011,20111120,2011,Q4-2011,8048,Q4,Nov-11,Nov-11,24143,November,Nov,11,Sunday,Sun,1,0,473
11/21/2011,20111121,2011,Q4-2011,8048,Q4,Nov-11,Nov-11,24143,November,Nov,11,Monday,Mon,2,1,474
11/22/2011,20111122,2011,Q4-2011,8048,Q4,Nov-11,Nov-11,24143,November,Nov,11,Tuesday,Tue,3,1,475
11/23/2011,20111123,2011,Q4-2011,8048,Q4,Nov-11,Nov-11,24143,November,Nov,11,Wednesday,Wed,4,1,476
11/24/2011,20111124,2011,Q4-2011,8048,Q4,Nov-11,Nov-11,24143,November,Nov,11,Thursday,Thu,5,0,476
11/25/2011,20111125,2011,Q4-2011,8048,Q4,Nov-11,Nov-11,24143,November,Nov,11,Friday,Fri,6,1,477
11/26/2011,20111126,2011,Q4-2011,8048,Q4,Nov-11,Nov-11,24143,November,Nov,11,Saturday,Sat,7,0,477
11/27/2011,20111127,2011,Q4-2011,8048,Q4,Nov-11,Nov-11,24143,November,Nov,11,Sunday,Sun,1,0,477
11/28/2011,20111128,2011,Q4-2011,8048,Q4,Nov-11,Nov-11,24143,November,Nov,11,Monday,Mon,2,1,478
11/29/2011,20111129,2011,Q4-2011,8048,Q4,Nov-11,Nov-11,24143,November,Nov,11,Tuesday,Tue,3,1,479
11/30/2011,20111130,2011,Q4-2011,8048,Q4,Nov-11,Nov-11,24143,November,Nov,11,Wednesday,Wed,4,1,480
12/1/2011,20111201,2011,Q4-2011,8048,Q4,Dec-11,Dec-11,24144,December,Dec,12,Thursday,Thu,5,1,481
12/2/2011,20111202,2011,Q4-2011,8048,Q4,Dec-11,Dec-11,24144,December,Dec,12,Friday,Fri,6,1,482
12/3/2011,20111203,2011,Q4-2011,8048,Q4,Dec-11,Dec-11,24144,December,Dec,12,Saturday,Sat,7,0,482
12/4/2011,20111204,2011,Q4-2011,8048,Q4,Dec-11,Dec-11,24144,December,Dec,12,Sunday,Sun,1,0,482
12/5/2011,20111205,2011,Q4-2011,8048,Q4,Dec-11,Dec-11,24144,December,Dec,12,Monday,Mon,2,1,483
12/6/2011,20111206,2011,Q4-2011,8048,Q4,Dec-11,Dec-11,24144,December,Dec,12,Tuesday,Tue,3,1,484
12/7/2011,20111207,2011,Q4-2011,8048,Q4,Dec-11,Dec-11,24144,December,Dec,12,Wednesday,Wed,4,1,485
12/8/2011,20111208,2011,Q4-2011,8048,Q4,Dec-11,Dec-11,24144,December,Dec,12,Thursday,Thu,5,1,486
12/9/2011,20111209,2011,Q4-2011,8048,Q4,Dec-11,Dec-11,24144,December,Dec,12,Friday,Fri,6,1,487
12/10/2011,20111210,2011,Q4-2011,8048,Q4,Dec-11,Dec-11,24144,December,Dec,12,Saturday,Sat,7,0,487
12/11/2011,20111211,2011,Q4-2011,8048,Q4,Dec-11,Dec-11,24144,December,Dec,12,Sunday,Sun,1,0,487
12/12/2011,20111212,2011,Q4-2011,8048,Q4,Dec-11,Dec-11,24144,December,Dec,12,Monday,Mon,2,1,488
12/13/2011,20111213,2011,Q4-2011,8048,Q4,Dec-11,Dec-11,24144,December,Dec,12,Tuesday,Tue,3,1,489
12/14/2011,20111214,2011,Q4-2011,8048,Q4,Dec-11,Dec-11,24144,December,Dec,12,Wednesday,Wed,4,1,490
12/15/2011,20111215,2011,Q4-2011,8048,Q4,Dec-11,Dec-11,24144,December,Dec,12,Thursday,Thu,5,1,491
12/16/2011,20111216,2011,Q4-2011,8048,Q4,Dec-11,Dec-11,24144,December,Dec,12,Friday,Fri,6,1,492
12/17/2011,20111217,2011,Q4-2011,8048,Q4,Dec-11,Dec-11,24144,December,Dec,12,Saturday,Sat,7,0,492
12/18/2011,20111218,2011,Q4-2011,8048,Q4,Dec-11,Dec-11,24144,December,Dec,12,Sunday,Sun,1,0,492
12/19/2011,20111219,2011,Q4-2011,8048,Q4,Dec-11,Dec-11,24144,December,Dec,12,Monday,Mon,2,1,493
12/20/2011,20111220,2011,Q4-2011,8048,Q4,Dec-11,Dec-11,24144,December,Dec,12,Tuesday,Tue,3,1,494
12/21/2011,20111221,2011,Q4-2011,8048,Q4,Dec-11,Dec-11,24144,December,Dec,12,Wednesday,Wed,4,1,495
12/22/2011,20111222,2011,Q4-2011,8048,Q4,Dec-11,Dec-11,24144,December,Dec,12,Thursday,Thu,5,1,496
12/23/2011,20111223,2011,Q4-2011,8048,Q4,Dec-11,Dec-11,24144,December,Dec,12,Friday,Fri,6,1,497
12/24/2011,20111224,2011,Q4-2011,8048,Q4,Dec-11,Dec-11,24144,December,Dec,12,Saturday,Sat,7,0,497
12/25/2011,20111225,2011,Q4-2011,8048,Q4,Dec-11,Dec-11,24144,December,Dec,12,Sunday,Sun,1,0,497
12/26/2011,20111226,2011,Q4-2011,8048,Q4,Dec-11,Dec-11,24144,December,Dec,12,Monday,Mon,2,1,498
12/27/2011,20111227,2011,Q4-2011,8048,Q4,Dec-11,Dec-11,24144,December,Dec,12,Tuesday,Tue,3,1,499
12/28/2011,20111228,2011,Q4-2011,8048,Q4,Dec-11,Dec-11,24144,December,Dec,12,Wednesday,Wed,4,1,500
12/29/2011,20111229,2011,Q4-2011,8048,Q4,Dec-11,Dec-11,24144,December,Dec,12,Thursday,Thu,5,1,501
12/30/2011,20111230,2011,Q4-2011,8048,Q4,Dec-11,Dec-11,24144,December,Dec,12,Friday,Fri,6,1,502
12/31/2011,20111231,2011,Q4-2011,8048,Q4,Dec-11,Dec-11,24144,December,Dec,12,Saturday,Sat,7,0,502
1/1/2012,20120101,2012,Q1-2012,8049,Q1,Jan-12,Jan-12,24145,January,Jan,1,Sunday,Sun,1,0,502
1/2/2012,20120102,2012,Q1-2012,8049,Q1,Jan-12,Jan-12,24145,January,Jan,1,Monday,Mon,2,0,502
1/3/2012,20120103,2012,Q1-2012,8049,Q1,Jan-12,Jan-12,24145,January,Jan,1,Tuesday,Tue,3,1,503
1/4/2012,20120104,2012,Q1-2012,8049,Q1,Jan-12,Jan-12,24145,January,Jan,1,Wednesday,Wed,4,1,504
1/5/2012,20120105,2012,Q1-2012,8049,Q1,Jan-12,Jan-12,24145,January,Jan,1,Thursday,Thu,5,1,505
1/6/2012,20120106,2012,Q1-2012,8049,Q1,Jan-12,Jan-12,24145,January,Jan,1,Friday,Fri,6,1,506
1/7/2012,20120107,2012,Q1-2012,8049,Q1,Jan-12,Jan-12,24145,January,Jan,1,Saturday,Sat,7,0,506
1/8/2012,20120108,2012,Q1-2012,8049,Q1,Jan-12,Jan-12,24145,January,Jan,1,Sunday,Sun,1,0,506
1/9/2012,20120109,2012,Q1-2012,8049,Q1,Jan-12,Jan-12,24145,January,Jan,1,Monday,Mon,2,1,507
1/10/2012,20120110,2012,Q1-2012,8049,Q1,Jan-12,Jan-12,24145,January,Jan,1,Tuesday,Tue,3,1,508
1/11/2012,20120111,2012,Q1-2012,8049,Q1,Jan-12,Jan-12,24145,January,Jan,1,Wednesday,Wed,4,1,509
1/12/2012,20120112,2012,Q1-2012,8049,Q1,Jan-12,Jan-12,24145,January,Jan,1,Thursday,Thu,5,1,510
1/13/2012,20120113,2012,Q1-2012,8049,Q1,Jan-12,Jan-12,24145,January,Jan,1,Friday,Fri,6,1,511
1/14/2012,20120114,2012,Q1-2012,8049,Q1,Jan-12,Jan-12,24145,January,Jan,1,Saturday,Sat,7,0,511
1/15/2012,20120115,2012,Q1-2012,8049,Q1,Jan-12,Jan-12,24145,January,Jan,1,Sunday,Sun,1,0,511
1/16/2012,20120116,2012,Q1-2012,8049,Q1,Jan-12,Jan-12,24145,January,Jan,1,Monday,Mon,2,0,511
1/17/2012,20120117,2012,Q1-2012,8049,Q1,Jan-12,Jan-12,24145,January,Jan,1,Tuesday,Tue,3,1,512
1/18/2012,20120118,2012,Q1-2012,8049,Q1,Jan-12,Jan-12,24145,January,Jan,1,Wednesday,Wed,4,1,513
1/19/2012,20120119,2012,Q1-2012,8049,Q1,Jan-12,Jan-12,24145,January,Jan,1,Thursday,Thu,5,1,514
1/20/2012,20120120,2012,Q1-2012,8049,Q1,Jan-12,Jan-12,24145,January,Jan,1,Friday,Fri,6,1,515
1/21/2012,20120121,2012,Q1-2012,8049,Q1,Jan-12,Jan-12,24145,January,Jan,1,Saturday,Sat,7,0,515
1/22/2012,20120122,2012,Q1-2012,8049,Q1,Jan-12,Jan-12,24145,January,Jan,1,Sunday,Sun,1,0,515
1/23/2012,20120123,2012,Q1-2012,8049,Q1,Jan-12,Jan-12,24145,January,Jan,1,Monday,Mon,2,1,516
1/24/2012,20120124,2012,Q1-2012,8049,Q1,Jan-12,Jan-12,24145,January,Jan,1,Tuesday,Tue,3,1,517
1/25/2012,20120125,2012,Q1-2012,8049,Q1,Jan-12,Jan-12,24145,January,Jan,1,Wednesday,Wed,4,1,518
1/26/2012,20120126,2012,Q1-2012,8049,Q1,Jan-12,Jan-12,24145,January,Jan,1,Thursday,Thu,5,1,519
1/27/2012,20120127,2012,Q1-2012,8049,Q1,Jan-12,Jan-12,24145,January,Jan,1,Friday,Fri,6,1,520
1/28/2012,20120128,2012,Q1-2012,8049,Q1,Jan-12,Jan-12,24145,January,Jan,1,Saturday,Sat,7,0,520
1/29/2012,20120129,2012,Q1-2012,8049,Q1,Jan-12,Jan-12,24145,January,Jan,1,Sunday,Sun,1,0,520
1/30/2012,20120130,2012,Q1-2012,8049,Q1,Jan-12,Jan-12,24145,January,Jan,1,Monday,Mon,2,1,521
1/31/2012,20120131,2012,Q1-2012,8049,Q1,Jan-12,Jan-12,24145,January,Jan,1,Tuesday,Tue,3,1,522
2/1/2012,20120201,2012,Q1-2012,8049,Q1,Feb-12,Feb-12,24146,February,Feb,2,Wednesday,Wed,4,1,523
2/2/2012,20120202,2012,Q1-2012,8049,Q1,Feb-12,Feb-12,24146,February,Feb,2,Thursday,Thu,5,1,524
2/3/2012,20120203,2012,Q1-2012,8049,Q1,Feb-12,Feb-12,24146,February,Feb,2,Friday,Fri,6,1,525
2/4/2012,20120204,2012,Q1-2012,8049,Q1,Feb-12,Feb-12,24146,February,Feb,2,Saturday,Sat,7,0,525
2/5/2012,20120205,2012,Q1-2012,8049,Q1,Feb-12,Feb-12,24146,February,Feb,2,Sunday,Sun,1,0,525
2/6/2012,20120206,2012,Q1-2012,8049,Q1,Feb-12,Feb-12,24146,February,Feb,2,Monday,Mon,2,1,526
2/7/2012,20120207,2012,Q1-2012,8049,Q1,Feb-12,Feb-12,24146,February,Feb,2,Tuesday,Tue,3,1,527
2/8/2012,20120208,2012,Q1-2012,8049,Q1,Feb-12,Feb-12,24146,February,Feb,2,Wednesday,Wed,4,1,528
2/9/2012,20120209,2012,Q1-2012,8049,Q1,Feb-12,Feb-12,24146,February,Feb,2,Thursday,Thu,5,1,529
2/10/2012,20120210,2012,Q1-2012,8049,Q1,Feb-12,Feb-12,24146,February,Feb,2,Friday,Fri,6,1,530
2/11/2012,20120211,2012,Q1-2012,8049,Q1,Feb-12,Feb-12,24146,February,Feb,2,Saturday,Sat,7,0,530
2/12/2012,20120212,2012,Q1-2012,8049,Q1,Feb-12,Feb-12,24146,February,Feb,2,Sunday,Sun,1,0,530
2/13/2012,20120213,2012,Q1-2012,8049,Q1,Feb-12,Feb-12,24146,February,Feb,2,Monday,Mon,2,1,531
2/14/2012,20120214,2012,Q1-2012,8049,Q1,Feb-12,Feb-12,24146,February,Feb,2,Tuesday,Tue,3,1,532
2/15/2012,20120215,2012,Q1-2012,8049,Q1,Feb-12,Feb-12,24146,February,Feb,2,Wednesday,Wed,4,1,533
2/16/2012,20120216,2012,Q1-2012,8049,Q1,Feb-12,Feb-12,24146,February,Feb,2,Thursday,Thu,5,1,534
2/17/2012,20120217,2012,Q1-2012,8049,Q1,Feb-12,Feb-12,24146,February,Feb,2,Friday,Fri,6,1,535
2/18/2012,20120218,2012,Q1-2012,8049,Q1,Feb-12,Feb-12,24146,February,Feb,2,Saturday,Sat,7,0,535
2/19/2012,20120219,2012,Q1-2012,8049,Q1,Feb-12,Feb-12,24146,February,Feb,2,Sunday,Sun,1,0,535
2/20/2012,20120220,2012,Q1-2012,8049,Q1,Feb-12,Feb-12,24146,February,Feb,2,Monday,Mon,2,0,535
2/21/2012,20120221,2012,Q1-2012,8049,Q1,Feb-12,Feb-12,24146,February,Feb,2,Tuesday,Tue,3,1,536
2/22/2012,20120222,2012,Q1-2012,8049,Q1,Feb-12,Feb-12,24146,February,Feb,2,Wednesday,Wed,4,1,537
2/23/2012,20120223,2012,Q1-2012,8049,Q1,Feb-12,Feb-12,24146,February,Feb,2,Thursday,Thu,5,1,538
2/24/2012,20120224,2012,Q1-2012,8049,Q1,Feb-12,Feb-12,24146,February,Feb,2,Friday,Fri,6,1,539
2/25/2012,20120225,2012,Q1-2012,8049,Q1,Feb-12,Feb-12,24146,February,Feb,2,Saturday,Sat,7,0,539
2/26/2012,20120226,2012,Q1-2012,8049,Q1,Feb-12,Feb-12,24146,February,Feb,2,Sunday,Sun,1,0,539
2/27/2012,20120227,2012,Q1-2012,8049,Q1,Feb-12,Feb-12,24146,February,Feb,2,Monday,Mon,2,1,540
2/28/2012,20120228,2012,Q1-2012,8049,Q1,Feb-12,Feb-12,24146,February,Feb,2,Tuesday,Tue,3,1,541
2/29/2012,20120229,2012,Q1-2012,8049,Q1,Feb-12,Feb-12,24146,February,Feb,2,Wednesday,Wed,4,1,542
3/1/2012,20120301,2012,Q1-2012,8049,Q1,Mar-12,Mar-12,24147,March,Mar,3,Thursday,Thu,5,1,543
3/2/2012,20120302,2012,Q1-2012,8049,Q1,Mar-12,Mar-12,24147,March,Mar,3,Friday,Fri,6,1,544
3/3/2012,20120303,2012,Q1-2012,8049,Q1,Mar-12,Mar-12,24147,March,Mar,3,Saturday,Sat,7,0,544
3/4/2012,20120304,2012,Q1-2012,8049,Q1,Mar-12,Mar-12,24147,March,Mar,3,Sunday,Sun,1,0,544
3/5/2012,20120305,2012,Q1-2012,8049,Q1,Mar-12,Mar-12,24147,March,Mar,3,Monday,Mon,2,1,545
3/6/2012,20120306,2012,Q1-2012,8049,Q1,Mar-12,Mar-12,24147,March,Mar,3,Tuesday,Tue,3,1,546
3/7/2012,20120307,2012,Q1-2012,8049,Q1,Mar-12,Mar-12,24147,March,Mar,3,Wednesday,Wed,4,1,547
3/8/2012,20120308,2012,Q1-2012,8049,Q1,Mar-12,Mar-12,24147,March,Mar,3,Thursday,Thu,5,1,548
3/9/2012,20120309,2012,Q1-2012,8049,Q1,Mar-12,Mar-12,24147,March,Mar,3,Friday,Fri,6,1,549
3/10/2012,20120310,2012,Q1-2012,8049,Q1,Mar-12,Mar-12,24147,March,Mar,3,Saturday,Sat,7,0,549
3/11/2012,20120311,2012,Q1-2012,8049,Q1,Mar-12,Mar-12,24147,March,Mar,3,Sunday,Sun,1,0,549
3/12/2012,20120312,2012,Q1-2012,8049,Q1,Mar-12,Mar-12,24147,March,Mar,3,Monday,Mon,2,1,550
3/13/2012,20120313,2012,Q1-2012,8049,Q1,Mar-12,Mar-12,24147,March,Mar,3,Tuesday,Tue,3,1,551
3/14/2012,20120314,2012,Q1-2012,8049,Q1,Mar-12,Mar-12,24147,March,Mar,3,Wednesday,Wed,4,1,552
3/15/2012,20120315,2012,Q1-2012,8049,Q1,Mar-12,Mar-12,24147,March,Mar,3,Thursday,Thu,5,1,553
3/16/2012,20120316,2012,Q1-2012,8049,Q1,Mar-12,Mar-12,24147,March,Mar,3,Friday,Fri,6,1,554
3/17/2012,20120317,2012,Q1-2012,8049,Q1,Mar-12,Mar-12,24147,March,Mar,3,Saturday,Sat,7,0,554
3/18/2012,20120318,2012,Q1-2012,8049,Q1,Mar-12,Mar-12,24147,March,Mar,3,Sunday,Sun,1,0,554
3/19/2012,20120319,2012,Q1-2012,8049,Q1,Mar-12,Mar-12,24147,March,Mar,3,Monday,Mon,2,1,555
3/20/2012,20120320,2012,Q1-2012,8049,Q1,Mar-12,Mar-12,24147,March,Mar,3,Tuesday,Tue,3,1,556
3/21/2012,20120321,2012,Q1-2012,8049,Q1,Mar-12,Mar-12,24147,March,Mar,3,Wednesday,Wed,4,1,557
3/22/2012,20120322,2012,Q1-2012,8049,Q1,Mar-12,Mar-12,24147,March,Mar,3,Thursday,Thu,5,1,558
3/23/2012,20120323,2012,Q1-2012,8049,Q1,Mar-12,Mar-12,24147,March,Mar,3,Friday,Fri,6,1,559
3/24/2012,20120324,2012,Q1-2012,8049,Q1,Mar-12,Mar-12,24147,March,Mar,3,Saturday,Sat,7,0,559
3/25/2012,20120325,2012,Q1-2012,8049,Q1,Mar-12,Mar-12,24147,March,Mar,3,Sunday,Sun,1,0,559
3/26/2012,20120326,2012,Q1-2012,8049,Q1,Mar-12,Mar-12,24147,March,Mar,3,Monday,Mon,2,1,560
3/27/2012,20120327,2012,Q1-2012,8049,Q1,Mar-12,Mar-12,24147,March,Mar,3,Tuesday,Tue,3,1,561
3/28/2012,20120328,2012,Q1-2012,8049,Q1,Mar-12,Mar-12,24147,March,Mar,3,Wednesday,Wed,4,1,562
3/29/2012,20120329,2012,Q1-2012,8049,Q1,Mar-12,Mar-12,24147,March,Mar,3,Thursday,Thu,5,1,563
3/30/2012,20120330,2012,Q1-2012,8049,Q1,Mar-12,Mar-12,24147,March,Mar,3,Friday,Fri,6,1,564
3/31/2012,20120331,2012,Q1-2012,8049,Q1,Mar-12,Mar-12,24147,March,Mar,3,Saturday,Sat,7,0,564
4/1/2012,20120401,2012,Q2-2012,8050,Q2,Apr-12,Apr-12,24148,April,Apr,4,Sunday,Sun,1,0,564
4/2/2012,20120402,2012,Q2-2012,8050,Q2,Apr-12,Apr-12,24148,April,Apr,4,Monday,Mon,2,1,565
4/3/2012,20120403,2012,Q2-2012,8050,Q2,Apr-12,Apr-12,24148,April,Apr,4,Tuesday,Tue,3,1,566
4/4/2012,20120404,2012,Q2-2012,8050,Q2,Apr-12,Apr-12,24148,April,Apr,4,Wednesday,Wed,4,1,567
4/5/2012,20120405,2012,Q2-2012,8050,Q2,Apr-12,Apr-12,24148,April,Apr,4,Thursday,Thu,5,1,568
4/6/2012,20120406,2012,Q2-2012,8050,Q2,Apr-12,Apr-12,24148,April,Apr,4,Friday,Fri,6,1,569
4/7/2012,20120407,2012,Q2-2012,8050,Q2,Apr-12,Apr-12,24148,April,Apr,4,Saturday,Sat,7,0,569
4/8/2012,20120408,2012,Q2-2012,8050,Q2,Apr-12,Apr-12,24148,April,Apr,4,Sunday,Sun,1,0,569
4/9/2012,20120409,2012,Q2-2012,8050,Q2,Apr-12,Apr-12,24148,April,Apr,4,Monday,Mon,2,1,570
4/10/2012,20120410,2012,Q2-2012,8050,Q2,Apr-12,Apr-12,24148,April,Apr,4,Tuesday,Tue,3,1,571
4/11/2012,20120411,2012,Q2-2012,8050,Q2,Apr-12,Apr-12,24148,April,Apr,4,Wednesday,Wed,4,1,572
4/12/2012,20120412,2012,Q2-2012,8050,Q2,Apr-12,Apr-12,24148,April,Apr,4,Thursday,Thu,5,1,573
4/13/2012,20120413,2012,Q2-2012,8050,Q2,Apr-12,Apr-12,24148,April,Apr,4,Friday,Fri,6,1,574
4/14/2012,20120414,2012,Q2-2012,8050,Q2,Apr-12,Apr-12,24148,April,Apr,4,Saturday,Sat,7,0,574
4/15/2012,20120415,2012,Q2-2012,8050,Q2,Apr-12,Apr-12,24148,April,Apr,4,Sunday,Sun,1,0,574
4/16/2012,20120416,2012,Q2-2012,8050,Q2,Apr-12,Apr-12,24148,April,Apr,4,Monday,Mon,2,1,575
4/17/2012,20120417,2012,Q2-2012,8050,Q2,Apr-12,Apr-12,24148,April,Apr,4,Tuesday,Tue,3,1,576
4/18/2012,20120418,2012,Q2-2012,8050,Q2,Apr-12,Apr-12,24148,April,Apr,4,Wednesday,Wed,4,1,577
4/19/2012,20120419,2012,Q2-2012,8050,Q2,Apr-12,Apr-12,24148,April,Apr,4,Thursday,Thu,5,1,578
4/20/2012,20120420,2012,Q2-2012,8050,Q2,Apr-12,Apr-12,24148,April,Apr,4,Friday,Fri,6,1,579
4/21/2012,20120421,2012,Q2-2012,8050,Q2,Apr-12,Apr-12,24148,April,Apr,4,Saturday,Sat,7,0,579
4/22/2012,20120422,2012,Q2-2012,8050,Q2,Apr-12,Apr-12,24148,April,Apr,4,Sunday,Sun,1,0,579
4/23/2012,20120423,2012,Q2-2012,8050,Q2,Apr-12,Apr-12,24148,April,Apr,4,Monday,Mon,2,1,580
4/24/2012,20120424,2012,Q2-2012,8050,Q2,Apr-12,Apr-12,24148,April,Apr,4,Tuesday,Tue,3,1,581
4/25/2012,20120425,2012,Q2-2012,8050,Q2,Apr-12,Apr-12,24148,April,Apr,4,Wednesday,Wed,4,1,582
4/26/2012,20120426,2012,Q2-2012,8050,Q2,Apr-12,Apr-12,24148,April,Apr,4,Thursday,Thu,5,1,583
4/27/2012,20120427,2012,Q2-2012,8050,Q2,Apr-12,Apr-12,24148,April,Apr,4,Friday,Fri,6,1,584
4/28/2012,20120428,2012,Q2-2012,8050,Q2,Apr-12,Apr-12,24148,April,Apr,4,Saturday,Sat,7,0,584
4/29/2012,20120429,2012,Q2-2012,8050,Q2,Apr-12,Apr-12,24148,April,Apr,4,Sunday,Sun,1,0,584
4/30/2012,20120430,2012,Q2-2012,8050,Q2,Apr-12,Apr-12,24148,April,Apr,4,Monday,Mon,2,1,585
5/1/2012,20120501,2012,Q2-2012,8050,Q2,May-12,May-12,24149,May,May,5,Tuesday,Tue,3,1,586
5/2/2012,20120502,2012,Q2-2012,8050,Q2,May-12,May-12,24149,May,May,5,Wednesday,Wed,4,1,587
5/3/2012,20120503,2012,Q2-2012,8050,Q2,May-12,May-12,24149,May,May,5,Thursday,Thu,5,1,588
5/4/2012,20120504,2012,Q2-2012,8050,Q2,May-12,May-12,24149,May,May,5,Friday,Fri,6,1,589
5/5/2012,20120505,2012,Q2-2012,8050,Q2,May-12,May-12,24149,May,May,5,Saturday,Sat,7,0,589
5/6/2012,20120506,2012,Q2-2012,8050,Q2,May-12,May-12,24149,May,May,5,Sunday,Sun,1,0,589
5/7/2012,20120507,2012,Q2-2012,8050,Q2,May-12,May-12,24149,May,May,5,Monday,Mon,2,1,590
5/8/2012,20120508,2012,Q2-2012,8050,Q2,May-12,May-12,24149,May,May,5,Tuesday,Tue,3,1,591
5/9/2012,20120509,2012,Q2-2012,8050,Q2,May-12,May-12,24149,May,May,5,Wednesday,Wed,4,1,592
5/10/2012,20120510,2012,Q2-2012,8050,Q2,May-12,May-12,24149,May,May,5,Thursday,Thu,5,1,593
5/11/2012,20120511,2012,Q2-2012,8050,Q2,May-12,May-12,24149,May,May,5,Friday,Fri,6,1,594
5/12/2012,20120512,2012,Q2-2012,8050,Q2,May-12,May-12,24149,May,May,5,Saturday,Sat,7,0,594
5/13/2012,20120513,2012,Q2-2012,8050,Q2,May-12,May-12,24149,May,May,5,Sunday,Sun,1,0,594
5/14/2012,20120514,2012,Q2-2012,8050,Q2,May-12,May-12,24149,May,May,5,Monday,Mon,2,1,595
5/15/2012,20120515,2012,Q2-2012,8050,Q2,May-12,May-12,24149,May,May,5,Tuesday,Tue,3,1,596
5/16/2012,20120516,2012,Q2-2012,8050,Q2,May-12,May-12,24149,May,May,5,Wednesday,Wed,4,1,597
5/17/2012,20120517,2012,Q2-2012,8050,Q2,May-12,May-12,24149,May,May,5,Thursday,Thu,5,1,598
5/18/2012,20120518,2012,Q2-2012,8050,Q2,May-12,May-12,24149,May,May,5,Friday,Fri,6,1,599
5/19/2012,20120519,2012,Q2-2012,8050,Q2,May-12,May-12,24149,May,May,5,Saturday,Sat,7,0,599
5/20/2012,20120520,2012,Q2-2012,8050,Q2,May-12,May-12,24149,May,May,5,Sunday,Sun,1,0,599
5/21/2012,20120521,2012,Q2-2012,8050,Q2,May-12,May-12,24149,May,May,5,Monday,Mon,2,1,600
5/22/2012,20120522,2012,Q2-2012,8050,Q2,May-12,May-12,24149,May,May,5,Tuesday,Tue,3,1,601
5/23/2012,20120523,2012,Q2-2012,8050,Q2,May-12,May-12,24149,May,May,5,Wednesday,Wed,4,1,602
5/24/2012,20120524,2012,Q2-2012,8050,Q2,May-12,May-12,24149,May,May,5,Thursday,Thu,5,1,603
5/25/2012,20120525,2012,Q2-2012,8050,Q2,May-12,May-12,24149,May,May,5,Friday,Fri,6,1,604
5/26/2012,20120526,2012,Q2-2012,8050,Q2,May-12,May-12,24149,May,May,5,Saturday,Sat,7,0,604
5/27/2012,20120527,2012,Q2-2012,8050,Q2,May-12,May-12,24149,May,May,5,Sunday,Sun,1,0,604
5/28/2012,20120528,2012,Q2-2012,8050,Q2,May-12,May-12,24149,May,May,5,Monday,Mon,2,0,604
5/29/2012,20120529,2012,Q2-2012,8050,Q2,May-12,May-12,24149,May,May,5,Tuesday,Tue,3,1,605
5/30/2012,20120530,2012,Q2-2012,8050,Q2,May-12,May-12,24149,May,May,5,Wednesday,Wed,4,1,606
5/31/2012,20120531,2012,Q2-2012,8050,Q2,May-12,May-12,24149,May,May,5,Thursday,Thu,5,1,607
6/1/2012,20120601,2012,Q2-2012,8050,Q2,Jun-12,Jun-12,24150,June,Jun,6,Friday,Fri,6,1,608
6/2/2012,20120602,2012,Q2-2012,8050,Q2,Jun-12,Jun-12,24150,June,Jun,6,Saturday,Sat,7,0,608
6/3/2012,20120603,2012,Q2-2012,8050,Q2,Jun-12,Jun-12,24150,June,Jun,6,Sunday,Sun,1,0,608
6/4/2012,20120604,2012,Q2-2012,8050,Q2,Jun-12,Jun-12,24150,June,Jun,6,Monday,Mon,2,1,609
6/5/2012,20120605,2012,Q2-2012,8050,Q2,Jun-12,Jun-12,24150,June,Jun,6,Tuesday,Tue,3,1,610
6/6/2012,20120606,2012,Q2-2012,8050,Q2,Jun-12,Jun-12,24150,June,Jun,6,Wednesday,Wed,4,1,611
6/7/2012,20120607,2012,Q2-2012,8050,Q2,Jun-12,Jun-12,24150,June,Jun,6,Thursday,Thu,5,1,612
6/8/2012,20120608,2012,Q2-2012,8050,Q2,Jun-12,Jun-12,24150,June,Jun,6,Friday,Fri,6,1,613
6/9/2012,20120609,2012,Q2-2012,8050,Q2,Jun-12,Jun-12,24150,June,Jun,6,Saturday,Sat,7,0,613
6/10/2012,20120610,2012,Q2-2012,8050,Q2,Jun-12,Jun-12,24150,June,Jun,6,Sunday,Sun,1,0,613
6/11/2012,20120611,2012,Q2-2012,8050,Q2,Jun-12,Jun-12,24150,June,Jun,6,Monday,Mon,2,1,614
6/12/2012,20120612,2012,Q2-2012,8050,Q2,Jun-12,Jun-12,24150,June,Jun,6,Tuesday,Tue,3,1,615
6/13/2012,20120613,2012,Q2-2012,8050,Q2,Jun-12,Jun-12,24150,June,Jun,6,Wednesday,Wed,4,1,616
6/14/2012,20120614,2012,Q2-2012,8050,Q2,Jun-12,Jun-12,24150,June,Jun,6,Thursday,Thu,5,1,617
6/15/2012,20120615,2012,Q2-2012,8050,Q2,Jun-12,Jun-12,24150,June,Jun,6,Friday,Fri,6,1,618
6/16/2012,20120616,2012,Q2-2012,8050,Q2,Jun-12,Jun-12,24150,June,Jun,6,Saturday,Sat,7,0,618
6/17/2012,20120617,2012,Q2-2012,8050,Q2,Jun-12,Jun-12,24150,June,Jun,6,Sunday,Sun,1,0,618
6/18/2012,20120618,2012,Q2-2012,8050,Q2,Jun-12,Jun-12,24150,June,Jun,6,Monday,Mon,2,1,619
6/19/2012,20120619,2012,Q2-2012,8050,Q2,Jun-12,Jun-12,24150,June,Jun,6,Tuesday,Tue,3,1,620
6/20/2012,20120620,2012,Q2-2012,8050,Q2,Jun-12,Jun-12,24150,June,Jun,6,Wednesday,Wed,4,1,621
6/21/2012,20120621,2012,Q2-2012,8050,Q2,Jun-12,Jun-12,24150,June,Jun,6,Thursday,Thu,5,1,622
6/22/2012,20120622,2012,Q2-2012,8050,Q2,Jun-12,Jun-12,24150,June,Jun,6,Friday,Fri,6,1,623
6/23/2012,20120623,2012,Q2-2012,8050,Q2,Jun-12,Jun-12,24150,June,Jun,6,Saturday,Sat,7,0,623
6/24/2012,20120624,2012,Q2-2012,8050,Q2,Jun-12,Jun-12,24150,June,Jun,6,Sunday,Sun,1,0,623
6/25/2012,20120625,2012,Q2-2012,8050,Q2,Jun-12,Jun-12,24150,June,Jun,6,Monday,Mon,2,1,624
6/26/2012,20120626,2012,Q2-2012,8050,Q2,Jun-12,Jun-12,24150,June,Jun,6,Tuesday,Tue,3,1,625
6/27/2012,20120627,2012,Q2-2012,8050,Q2,Jun-12,Jun-12,24150,June,Jun,6,Wednesday,Wed,4,1,626
6/28/2012,20120628,2012,Q2-2012,8050,Q2,Jun-12,Jun-12,24150,June,Jun,6,Thursday,Thu,5,1,627
6/29/2012,20120629,2012,Q2-2012,8050,Q2,Jun-12,Jun-12,24150,June,Jun,6,Friday,Fri,6,1,628
6/30/2012,20120630,2012,Q2-2012,8050,Q2,Jun-12,Jun-12,24150,June,Jun,6,Saturday,Sat,7,0,628
7/1/2012,20120701,2012,Q3-2012,8051,Q3,Jul-12,Jul-12,24151,July,Jul,7,Sunday,Sun,1,0,628
7/2/2012,20120702,2012,Q3-2012,8051,Q3,Jul-12,Jul-12,24151,July,Jul,7,Monday,Mon,2,1,629
7/3/2012,20120703,2012,Q3-2012,8051,Q3,Jul-12,Jul-12,24151,July,Jul,7,Tuesday,Tue,3,1,630
7/4/2012,20120704,2012,Q3-2012,8051,Q3,Jul-12,Jul-12,24151,July,Jul,7,Wednesday,Wed,4,0,630
7/5/2012,20120705,2012,Q3-2012,8051,Q3,Jul-12,Jul-12,24151,July,Jul,7,Thursday,Thu,5,1,631
7/6/2012,20120706,2012,Q3-2012,8051,Q3,Jul-12,Jul-12,24151,July,Jul,7,Friday,Fri,6,1,632
7/7/2012,20120707,2012,Q3-2012,8051,Q3,Jul-12,Jul-12,24151,July,Jul,7,Saturday,Sat,7,0,632
7/8/2012,20120708,2012,Q3-2012,8051,Q3,Jul-12,Jul-12,24151,July,Jul,7,Sunday,Sun,1,0,632
7/9/2012,20120709,2012,Q3-2012,8051,Q3,Jul-12,Jul-12,24151,July,Jul,7,Monday,Mon,2,1,633
7/10/2012,20120710,2012,Q3-2012,8051,Q3,Jul-12,Jul-12,24151,July,Jul,7,Tuesday,Tue,3,1,634
7/11/2012,20120711,2012,Q3-2012,8051,Q3,Jul-12,Jul-12,24151,July,Jul,7,Wednesday,Wed,4,1,635
7/12/2012,20120712,2012,Q3-2012,8051,Q3,Jul-12,Jul-12,24151,July,Jul,7,Thursday,Thu,5,1,636
7/13/2012,20120713,2012,Q3-2012,8051,Q3,Jul-12,Jul-12,24151,July,Jul,7,Friday,Fri,6,1,637
7/14/2012,20120714,2012,Q3-2012,8051,Q3,Jul-12,Jul-12,24151,July,Jul,7,Saturday,Sat,7,0,637
7/15/2012,20120715,2012,Q3-2012,8051,Q3,Jul-12,Jul-12,24151,July,Jul,7,Sunday,Sun,1,0,637
7/16/2012,20120716,2012,Q3-2012,8051,Q3,Jul-12,Jul-12,24151,July,Jul,7,Monday,Mon,2,1,638
7/17/2012,20120717,2012,Q3-2012,8051,Q3,Jul-12,Jul-12,24151,July,Jul,7,Tuesday,Tue,3,1,639
7/18/2012,20120718,2012,Q3-2012,8051,Q3,Jul-12,Jul-12,24151,July,Jul,7,Wednesday,Wed,4,1,640
7/19/2012,20120719,2012,Q3-2012,8051,Q3,Jul-12,Jul-12,24151,July,Jul,7,Thursday,Thu,5,1,641
7/20/2012,20120720,2012,Q3-2012,8051,Q3,Jul-12,Jul-12,24151,July,Jul,7,Friday,Fri,6,1,642
7/21/2012,20120721,2012,Q3-2012,8051,Q3,Jul-12,Jul-12,24151,July,Jul,7,Saturday,Sat,7,0,642
7/22/2012,20120722,2012,Q3-2012,8051,Q3,Jul-12,Jul-12,24151,July,Jul,7,Sunday,Sun,1,0,642
7/23/2012,20120723,2012,Q3-2012,8051,Q3,Jul-12,Jul-12,24151,July,Jul,7,Monday,Mon,2,1,643
7/24/2012,20120724,2012,Q3-2012,8051,Q3,Jul-12,Jul-12,24151,July,Jul,7,Tuesday,Tue,3,1,644
7/25/2012,20120725,2012,Q3-2012,8051,Q3,Jul-12,Jul-12,24151,July,Jul,7,Wednesday,Wed,4,1,645
7/26/2012,20120726,2012,Q3-2012,8051,Q3,Jul-12,Jul-12,24151,July,Jul,7,Thursday,Thu,5,1,646
7/27/2012,20120727,2012,Q3-2012,8051,Q3,Jul-12,Jul-12,24151,July,Jul,7,Friday,Fri,6,1,647
7/28/2012,20120728,2012,Q3-2012,8051,Q3,Jul-12,Jul-12,24151,July,Jul,7,Saturday,Sat,7,0,647
7/29/2012,20120729,2012,Q3-2012,8051,Q3,Jul-12,Jul-12,24151,July,Jul,7,Sunday,Sun,1,0,647
7/30/2012,20120730,2012,Q3-2012,8051,Q3,Jul-12,Jul-12,24151,July,Jul,7,Monday,Mon,2,1,648
7/31/2012,20120731,2012,Q3-2012,8051,Q3,Jul-12,Jul-12,24151,July,Jul,7,Tuesday,Tue,3,1,649
8/1/2012,20120801,2012,Q3-2012,8051,Q3,Aug-12,Aug-12,24152,August,Aug,8,Wednesday,Wed,4,1,650
8/2/2012,20120802,2012,Q3-2012,8051,Q3,Aug-12,Aug-12,24152,August,Aug,8,Thursday,Thu,5,1,651
8/3/2012,20120803,2012,Q3-2012,8051,Q3,Aug-12,Aug-12,24152,August,Aug,8,Friday,Fri,6,1,652
8/4/2012,20120804,2012,Q3-2012,8051,Q3,Aug-12,Aug-12,24152,August,Aug,8,Saturday,Sat,7,0,652
8/5/2012,20120805,2012,Q3-2012,8051,Q3,Aug-12,Aug-12,24152,August,Aug,8,Sunday,Sun,1,0,652
8/6/2012,20120806,2012,Q3-2012,8051,Q3,Aug-12,Aug-12,24152,August,Aug,8,Monday,Mon,2,1,653
8/7/2012,20120807,2012,Q3-2012,8051,Q3,Aug-12,Aug-12,24152,August,Aug,8,Tuesday,Tue,3,1,654
8/8/2012,20120808,2012,Q3-2012,8051,Q3,Aug-12,Aug-12,24152,August,Aug,8,Wednesday,Wed,4,1,655
8/9/2012,20120809,2012,Q3-2012,8051,Q3,Aug-12,Aug-12,24152,August,Aug,8,Thursday,Thu,5,1,656
8/10/2012,20120810,2012,Q3-2012,8051,Q3,Aug-12,Aug-12,24152,August,Aug,8,Friday,Fri,6,1,657
8/11/2012,20120811,2012,Q3-2012,8051,Q3,Aug-12,Aug-12,24152,August,Aug,8,Saturday,Sat,7,0,657
8/12/2012,20120812,2012,Q3-2012,8051,Q3,Aug-12,Aug-12,24152,August,Aug,8,Sunday,Sun,1,0,657
8/13/2012,20120813,2012,Q3-2012,8051,Q3,Aug-12,Aug-12,24152,August,Aug,8,Monday,Mon,2,1,658
8/14/2012,20120814,2012,Q3-2012,8051,Q3,Aug-12,Aug-12,24152,August,Aug,8,Tuesday,Tue,3,1,659
8/15/2012,20120815,2012,Q3-2012,8051,Q3,Aug-12,Aug-12,24152,August,Aug,8,Wednesday,Wed,4,1,660
8/16/2012,20120816,2012,Q3-2012,8051,Q3,Aug-12,Aug-12,24152,August,Aug,8,Thursday,Thu,5,1,661
8/17/2012,20120817,2012,Q3-2012,8051,Q3,Aug-12,Aug-12,24152,August,Aug,8,Friday,Fri,6,1,662
8/18/2012,20120818,2012,Q3-2012,8051,Q3,Aug-12,Aug-12,24152,August,Aug,8,Saturday,Sat,7,0,662
8/19/2012,20120819,2012,Q3-2012,8051,Q3,Aug-12,Aug-12,24152,August,Aug,8,Sunday,Sun,1,0,662
8/20/2012,20120820,2012,Q3-2012,8051,Q3,Aug-12,Aug-12,24152,August,Aug,8,Monday,Mon,2,1,663
8/21/2012,20120821,2012,Q3-2012,8051,Q3,Aug-12,Aug-12,24152,August,Aug,8,Tuesday,Tue,3,1,664
8/22/2012,20120822,2012,Q3-2012,8051,Q3,Aug-12,Aug-12,24152,August,Aug,8,Wednesday,Wed,4,1,665
8/23/2012,20120823,2012,Q3-2012,8051,Q3,Aug-12,Aug-12,24152,August,Aug,8,Thursday,Thu,5,1,666
8/24/2012,20120824,2012,Q3-2012,8051,Q3,Aug-12,Aug-12,24152,August,Aug,8,Friday,Fri,6,1,667
8/25/2012,20120825,2012,Q3-2012,8051,Q3,Aug-12,Aug-12,24152,August,Aug,8,Saturday,Sat,7,0,667
8/26/2012,20120826,2012,Q3-2012,8051,Q3,Aug-12,Aug-12,24152,August,Aug,8,Sunday,Sun,1,0,667
8/27/2012,20120827,2012,Q3-2012,8051,Q3,Aug-12,Aug-12,24152,August,Aug,8,Monday,Mon,2,1,668
8/28/2012,20120828,2012,Q3-2012,8051,Q3,Aug-12,Aug-12,24152,August,Aug,8,Tuesday,Tue,3,1,669
8/29/2012,20120829,2012,Q3-2012,8051,Q3,Aug-12,Aug-12,24152,August,Aug,8,Wednesday,Wed,4,1,670
8/30/2012,20120830,2012,Q3-2012,8051,Q3,Aug-12,Aug-12,24152,August,Aug,8,Thursday,Thu,5,1,671
8/31/2012,20120831,2012,Q3-2012,8051,Q3,Aug-12,Aug-12,24152,August,Aug,8,Friday,Fri,6,1,672
9/1/2012,20120901,2012,Q3-2012,8051,Q3,Sep-12,Sep-12,24153,September,Sep,9,Saturday,Sat,7,0,672
9/2/2012,20120902,2012,Q3-2012,8051,Q3,Sep-12,Sep-12,24153,September,Sep,9,Sunday,Sun,1,0,672
9/3/2012,20120903,2012,Q3-2012,8051,Q3,Sep-12,Sep-12,24153,September,Sep,9,Monday,Mon,2,0,672
9/4/2012,20120904,2012,Q3-2012,8051,Q3,Sep-12,Sep-12,24153,September,Sep,9,Tuesday,Tue,3,1,673
9/5/2012,20120905,2012,Q3-2012,8051,Q3,Sep-12,Sep-12,24153,September,Sep,9,Wednesday,Wed,4,1,674
9/6/2012,20120906,2012,Q3-2012,8051,Q3,Sep-12,Sep-12,24153,September,Sep,9,Thursday,Thu,5,1,675
9/7/2012,20120907,2012,Q3-2012,8051,Q3,Sep-12,Sep-12,24153,September,Sep,9,Friday,Fri,6,1,676
9/8/2012,20120908,2012,Q3-2012,8051,Q3,Sep-12,Sep-12,24153,September,Sep,9,Saturday,Sat,7,0,676
9/9/2012,20120909,2012,Q3-2012,8051,Q3,Sep-12,Sep-12,24153,September,Sep,9,Sunday,Sun,1,0,676
9/10/2012,20120910,2012,Q3-2012,8051,Q3,Sep-12,Sep-12,24153,September,Sep,9,Monday,Mon,2,1,677
9/11/2012,20120911,2012,Q3-2012,8051,Q3,Sep-12,Sep-12,24153,September,Sep,9,Tuesday,Tue,3,1,678
9/12/2012,20120912,2012,Q3-2012,8051,Q3,Sep-12,Sep-12,24153,September,Sep,9,Wednesday,Wed,4,1,679
9/13/2012,20120913,2012,Q3-2012,8051,Q3,Sep-12,Sep-12,24153,September,Sep,9,Thursday,Thu,5,1,680
9/14/2012,20120914,2012,Q3-2012,8051,Q3,Sep-12,Sep-12,24153,September,Sep,9,Friday,Fri,6,1,681
9/15/2012,20120915,2012,Q3-2012,8051,Q3,Sep-12,Sep-12,24153,September,Sep,9,Saturday,Sat,7,0,681
9/16/2012,20120916,2012,Q3-2012,8051,Q3,Sep-12,Sep-12,24153,September,Sep,9,Sunday,Sun,1,0,681
9/17/2012,20120917,2012,Q3-2012,8051,Q3,Sep-12,Sep-12,24153,September,Sep,9,Monday,Mon,2,1,682
9/18/2012,20120918,2012,Q3-2012,8051,Q3,Sep-12,Sep-12,24153,September,Sep,9,Tuesday,Tue,3,1,683
9/19/2012,20120919,2012,Q3-2012,8051,Q3,Sep-12,Sep-12,24153,September,Sep,9,Wednesday,Wed,4,1,684
9/20/2012,20120920,2012,Q3-2012,8051,Q3,Sep-12,Sep-12,24153,September,Sep,9,Thursday,Thu,5,1,685
9/21/2012,20120921,2012,Q3-2012,8051,Q3,Sep-12,Sep-12,24153,September,Sep,9,Friday,Fri,6,1,686
9/22/2012,20120922,2012,Q3-2012,8051,Q3,Sep-12,Sep-12,24153,September,Sep,9,Saturday,Sat,7,0,686
9/23/2012,20120923,2012,Q3-2012,8051,Q3,Sep-12,Sep-12,24153,September,Sep,9,Sunday,Sun,1,0,686
9/24/2012,20120924,2012,Q3-2012,8051,Q3,Sep-12,Sep-12,24153,September,Sep,9,Monday,Mon,2,1,687
9/25/2012,20120925,2012,Q3-2012,8051,Q3,Sep-12,Sep-12,24153,September,Sep,9,Tuesday,Tue,3,1,688
9/26/2012,20120926,2012,Q3-2012,8051,Q3,Sep-12,Sep-12,24153,September,Sep,9,Wednesday,Wed,4,1,689
