OrderKey,accm_txn_complete_time
138000,4/26/2025 10:15
138001,4/27/2025 10:15
138003,4/28/2025 10:15
138004,4/29/2025 10:15
138005,4/30/2025 10:15
139000,5/1/2025 10:15
139001,5/2/2025 10:15
139002,5/3/2025 10:15
139003,5/4/2025 10:15
139004,5/5/2025 10:15
139005,5/6/2025 10:15
139006,5/7/2025 10:15
139007,5/8/2025 10:15
139008,5/9/2025 10:15
140000,5/10/2025 10:15
140001,5/11/2025 10:15
140002,5/12/2025 10:15
140003,5/13/2025 10:15
140004,5/14/2025 10:15
140005,5/15/2025 10:15
140006,5/16/2025 10:15
140007,5/17/2025 10:15
140008,5/18/2025 10:15
140009,5/19/2025 10:15
141000,5/20/2025 10:15
141001,5/21/2025 10:15
141002,4/27/2025 14:35
141003,4/28/2025 14:35
141004,4/29/2025 14:35
141005,4/30/2025 14:35
141006,5/1/2025 14:35
142000,4/28/2025 9:20
142001,4/29/2025 9:20
142002,4/30/2025 9:20
142003,5/1/2025 9:20
142004,5/2/2025 9:20
142005,5/3/2025 9:20
142006,5/4/2025 9:20
142007,5/5/2025 9:20
142008,5/6/2025 9:20
142009,5/7/2025 9:20
142010,5/8/2025 9:20
142011,5/9/2025 9:20
144000,5/10/2025 9:20
144001,5/11/2025 9:20
144002,5/12/2025 9:20
144003,5/13/2025 9:20
144004,5/14/2025 9:20
145000,4/29/2025 17:00
145001,4/30/2025 17:00
145002,5/1/2025 17:00
145003,5/2/2025 17:00
145004,5/3/2025 17:00
145005,5/4/2025 17:00
145006,4/30/2025 11:45
146000,5/1/2025 11:45
146001,5/2/2025 11:45
146002,5/3/2025 11:45
146003,5/4/2025 11:45
146004,5/5/2025 11:45
146005,
146006,
146007,
146008,
147000,
147001,
147002,
147003,
147004,
147005,
147006,
147007,
147008,
147009,
148000,
148001,
148002,
148003,
148004,
148005,
148006,
149000,
149001,
149002,
149003,
149004,
149005,
149006,
149008,
149009,
149010,
149011,
151000,
151001,
151002,
151003,
151004,
152000,
152001,
152002,
152003,
152004,
152005,
152006,
153000,
153001,
153002,
153003,
153004,
153005,
153007,
154000,
154001,
154002,
154004,
154005,
154006,
154007,
154008,
154009,
155000,
155001,
155002,
155003,
155004,
155005,
155006,
156000,
156001,
156002,
156003,
156004,
156005,
156006,
156007,
156008,
156009,
156010,
156011,
158000,
158001,
158002,
158003,
158004,
159000,
159001,
159002,
159003,
159004,
159005,
159006,
160000,
160001,
160002,
160003,
160004,
160005,
160006,
160007,
160008,
161000,
161001,
161002,
161003,
161004,
161005,
161006,
161007,
161008,
161009,
162001,
162002,
162003,
162004,
162005,
162006,
163000,
163001,
163002,
163003,
163004,
163005,
163006,
163007,
163008,
163009,
163010,
163011,
165000,
165001,
165002,
165003,
165004,
166000,
166001,
166002,
166003,
166004,
166005,
166006,
167000,
167001,
167002,
167003,
167004,
167005,
167006,
167007,
167008,
168000,
168001,
168002,
168003,
168004,
168005,
168006,
168007,
168008,
168009,
169000,
169001,
169002,
169003,
169004,
169005,
169006,
170000,
170001,
170002,
170003,
170004,
170005,
170006,
170007,
170008,
170009,
170010,
170011,
172000,
172001,
172002,
172003,
172004,
173000,
173001,
173002,
173003,
173004,
173005,
173006,
174000,
174001,
174002,
174003,
174004,
174005,
174006,
174007,
174008,
175000,
175001,
175002,
175003,
175004,
175005,
175006,
175008,
175009,
176000,
176001,
176002,
176003,
176004,
176005,
176006,
177000,
177001,
177002,
177003,
177004,
177005,
177006,
177007,
177008,
177009,
177010,
177011,
177012,
179000,
179001,
179002,
179003,
180000,
180001,
180002,
180003,
180004,
180006,
181000,
181001,
181002,
181003,
181004,
181005,
181006,
181007,
181008,
182001,
182002,
182003,
182004,
182005,
182006,
182007,
182008,
182009,
183000,
183001,
183002,
183003,
183004,
183005,
183006,
184000,
184001,
184002,
184003,
184004,
184005,
184006,
184008,
184009,
184010,
184011,
184012,
186000,
186001,
186002,
186003,
186004,
187001,
187002,
187003,
187004,
187005,
187006,
188000,
188001,
188002,
188003,
188004,
188005,
188006,
188007,
188008,
188009,
189000,
189002,
189003,
189004,
189005,
189006,
189007,
189008,
189009,
190000,
190001,
190002,
190003,
190004,
190005,
190006,
191000,
191001,
191002,
191003,
191004,
191005,
191006,
191007,
191008,
191009,
191010,
191011,
193000,
193001,
193002,
193003,
193004,
194000,
194001,
194002,
194003,
194005,
194006,
195000,
195001,
195002,
195003,
195004,
195005,
195006,
195007,
195008,
195009,
196000,
196001,
196002,
196003,
196004,
196005,
196006,
196007,
196008,
196009,
197000,
197001,
197002,
197003,
197004,
197005,
197006,
198000,
198001,
198002,
198003,
198004,
198005,
198006,
198007,
198008,
198009,
198010,
198011,
198012,
200000,
200001,
200002,
200003,
200004,
201000,
201001,
201002,
201003,
201004,
201005,
201006,
202000,
202001,
202002,
202003,
202004,
202005,
202006,
202007,
202008,
203000,
203001,
203002,
203003,
203004,
203005,
203006,
203007,
203008,
204000,
204001,
204002,
204003,
204004,
205000,
205001,
205002,
205003,
205004,
205005,
205006,
205007,
205008,
207001,
207002,
208000,
208001,
208002,
209000,
209001,
209003,
210000,
210001,
210002,
210003,
210004,
211000,
211001,
211002,
212000,
212002,
212003,
212004,
212005,
214000,
214001,
215000,
215001,
215002,
215003,
216000,
216001,
216002,
216003,
216004,
216005,
217000,
217001,
217002,
217003,
217004,
217005,
217006,
218000,
218001,
218002,
218003,
218004,
219000,
219001,
219002,
219003,
219004,
219005,
219006,
219007,
219008,
219009,
219010,
221000,
221001,
221002,
221003,
221004,
221005,
222000,
222001,
222002,
222003,
222004,
222005,
222006,
223000,
223002,
223003,
223004,
223005,
223006,
223007,
223008,
223009,
224000,
224001,
224002,
224003,
224004,
224005,
224006,
224007,
224009,
224010,
225000,
225001,
225002,
225003,
225004,
225005,
225006,
226000,
226001,
226002,
226003,
226004,
226005,
226006,
226007,
226008,
226009,
226010,
226011,
226012,
228000,
228001,
228002,
228003,
228004,
228005,
229000,
229001,
229002,
229003,
229004,
229005,
229006,
230000,
230001,
230002,
230003,
230004,
230005,
230006,
230007,
230009,
231000,
231001,
231002,
231003,
231004,
231006,
231007,
231008,
231009,
231010,
232000,
232001,
232002,
232003,
232005,
232006,
233000,
233001,
233002,
233003,
233004,
233005,
233006,
233007,
233008,
233009,
233010,
233011,
233012,
233013,
235000,
235001,
235002,
235003,
235004,
235005,
236001,
236002,
236004,
236005,
236006,
237000,
237001,
237002,
237003,
237004,
237005,
237006,
237007,
237008,
237009,
238000,
238001,
238002,
238003,
238004,
238005,
238006,
238007,
238008,
238009,
238010,
239000,
239001,
239002,
239004,
239005,
239006,
240000,
240001,
240002,
240003,
240004,
240005,
240006,
240007,
240008,
240009,
240010,
240011,
240012,
240013,
242000,
242001,
242002,
242003,
242004,
242005,
243000,
243001,
243002,
243003,
243004,
243005,
243006,
244000,
244001,
244002,
244003,
244004,
244005,
244006,
244007,
244008,
244009,
245000,
245001,
245002,
245003,
245004,
245005,
245006,
245007,
245008,
245009,
245010,
246001,
246002,
246003,
246004,
246005,
246006,
247000,
247001,
247002,
247003,
247004,
247005,
247006,
247007,
247008,
247009,
247010,
247011,
247012,
247013,
249000,
249001,
249002,
249003,
249004,
249005,
250000,
250001,
250002,
250003,
250004,
250005,
250006,
251000,
251001,
251002,
251003,
251004,
251005,
251006,
251007,
251008,
251009,
252000,
252001,
252002,
252003,
252004,
252005,
252006,
252007,
252008,
252009,
252010,
253000,
253001,
253002,
253003,
253004,
253005,
253006,
253007,
254000,
254001,
254002,
254003,
254004,
254005,
254006,
254007,
254008,
254009,
254010,
254011,
254012,
254013,
256000,
256001,
256002,
256003,
256004,
256005,
257000,
257001,
257002,
257003,
257004,
257005,
257006,
257007,
258000,
258001,
258002,
258003,
258004,
258005,
258006,
258007,
258008,
258009,
259000,
259001,
259002,
259003,
259004,
259005,
259006,
259007,
259008,
259009,
259010,
260000,
260001,
260002,
260003,
260004,
260005,
260006,
260007,
261000,
261001,
261002,
261003,
261004,
261005,
261006,
261007,
261008,
261010,
261011,
261012,
261013,
263000,
263001,
263002,
263003,
263004,
263005,
264000,
264001,
264002,
264003,
264004,
264005,
264006,
264007,
265000,
265001,
265002,
265003,
265004,
265005,
265006,
265007,
265008,
265009,
266000,
266001,
266003,
266004,
266005,
266006,
266007,
266008,
266009,
266010,
267000,
267001,
267004,
267005,
267006,
267007,
268000,
268001,
268002,
268003,
268004,
268005,
268006,
268007,
268008,
268009,
268010,
268011,
268012,
268013,
270000,
270001,
270002,
270003,
270004,
270005,
271000,
271001,
271002,
271003,
271004,
271005,
271006,
271007,
272000,
272001,
272002,
272003,
272004,
272006,
272007,
272008,
272009,
273000,
273001,
273002,
273003,
273004,
273005,
273006,
273007,
273008,
273009,
273010,
274000,
274001,
274002,
274003,
274004,
274005,
274006,
274007,
275000,
275001,
275002,
275003,
275004,
275005,
275006,
275007,
275008,
275009,
275010,
275011,
275012,
277000,
277001,
277002,
277003,
277004,
277005,
278000,
278001,
278002,
278003,
278004,
278005,
278006,
278007,
279000,
279001,
279002,
279004,
279005,
279006,
279007,
279008,
279009,
280000,
280001,
280002,
280004,
280005,
280006,
280007,
280008,
280009,
280010,
281001,
